"difference_type","Trans_ratio","site_name","Trans_ratio_z","difference_label","prediction","se","lower","upper"
"WUE_ET_minus_WUE_T",0.213383506141938,"US-A03",-1.94944566045055,"WUE_ET - WUE_T",-6.18329889493948,0.234332100879785,-6.64258981266386,-5.72400797721511
"WUE_ET_minus_WUE_E",0.213383506141938,"US-A03",-1.94944566045055,"WUE_ET - WUE_E",-1.06135585300133,0.235138450903738,-1.52222721677265,-0.600484489230002
"WUE_E_minus_WUE_T",0.213383506141938,"US-A03",-1.94944566045055,"WUE_E - WUE_T",-5.71786306100333,0.235517411012634,-6.17947718658809,-5.25624893541857
"WUE_ET_minus_WUE_T",0.219238982954665,"US-A03",-1.91606527156138,"WUE_ET - WUE_T",-6.00642435931714,0.232434895392801,-6.46199675428703,-5.55085196434726
"WUE_ET_minus_WUE_E",0.219238982954665,"US-A03",-1.91606527156138,"WUE_ET - WUE_E",-1.07429137287038,0.233454266267085,-1.53186173475387,-0.616721010986895
"WUE_E_minus_WUE_T",0.219238982954665,"US-A03",-1.91606527156138,"WUE_E - WUE_T",-5.51360791390812,0.233938798469863,-5.97212795890905,-5.05508786890719
"WUE_ET_minus_WUE_T",0.225094459767392,"US-A03",-1.8826848826722,"WUE_ET - WUE_T",-5.83308402015833,0.231075617965147,-6.28599223137002,-5.38017580894664
"WUE_ET_minus_WUE_E",0.225094459767392,"US-A03",-1.8826848826722,"WUE_ET - WUE_E",-1.08641569723802,0.232321114720779,-1.54176508209074,-0.63106631238529
"WUE_E_minus_WUE_T",0.225094459767392,"US-A03",-1.8826848826722,"WUE_E - WUE_T",-5.314005614788,0.232918427153507,-5.77052573200887,-4.85748549756712
"WUE_ET_minus_WUE_T",0.23094993658012,"US-A03",-1.84930449378303,"WUE_ET - WUE_T",-5.66349658975802,0.230139161501337,-6.11456934630064,-5.2124238332154
"WUE_ET_minus_WUE_E",0.23094993658012,"US-A03",-1.84930449378303,"WUE_ET - WUE_E",-1.09771103444713,0.231612663480246,-1.55167185486841,-0.643750214025848
"WUE_E_minus_WUE_T",0.23094993658012,"US-A03",-1.84930449378303,"WUE_E - WUE_T",-5.11931068479172,0.232324170369488,-5.57466605871591,-4.66395531086752
"WUE_ET_minus_WUE_T",0.236805413392847,"US-A03",-1.81592410489386,"WUE_ET - WUE_T",-5.49787033857431,0.229510821899629,-5.94771154949758,-5.04802912765104
"WUE_ET_minus_WUE_E",0.236805413392847,"US-A03",-1.81592410489386,"WUE_ET - WUE_E",-1.10816820053014,0.231203957315166,-1.56132795686786,-0.655008444192412
"WUE_E_minus_WUE_T",0.236805413392847,"US-A03",-1.81592410489386,"WUE_E - WUE_T",-4.92975756693615,0.232025792107088,-5.38452811946604,-4.47498701440625
"WUE_ET_minus_WUE_T",0.242660890205574,"US-A03",-1.78254371600468,"WUE_ET - WUE_T",-5.33640042478137,0.22908074766285,-5.78539869020056,-4.88740215936219
"WUE_ET_minus_WUE_E",0.242660890205574,"US-A03",-1.78254371600468,"WUE_ET - WUE_E",-1.11778821520569,0.230976245684923,-1.57050165674814,-0.665074773663239
"WUE_E_minus_WUE_T",0.242660890205574,"US-A03",-1.78254371600468,"WUE_E - WUE_T",-4.74555611401502,0.231899966107899,-5.2000800475865,-4.29103218044354
"WUE_ET_minus_WUE_T",0.248516367018302,"US-A03",-1.74916332711551,"WUE_ET - WUE_T",-5.17927073047179,0.22874684557733,-5.62761454780335,-4.73092691314022
"WUE_ET_minus_WUE_E",0.248516367018302,"US-A03",-1.74916332711551,"WUE_ET - WUE_E",-1.12658034974473,0.230820033753334,-1.57898761590126,-0.674173083588196
"WUE_E_minus_WUE_T",0.248516367018302,"US-A03",-1.74916332711551,"WUE_E - WUE_T",-4.56689556933984,0.231833397390513,-5.02128902822525,-4.11250211045444
"WUE_ET_minus_WUE_T",0.254371843831029,"US-A03",-1.71578293822634,"WUE_ET - WUE_T",-5.02665448913929,0.228417008038017,-5.47435182489381,-4.57895715338478
"WUE_ET_minus_WUE_E",0.254371843831029,"US-A03",-1.71578293822634,"WUE_ET - WUE_E",-1.13456120615026,0.230637342772545,-1.58661039798445,-0.682512014316068
"WUE_E_minus_WUE_T",0.254371843831029,"US-A03",-1.71578293822634,"WUE_E - WUE_T",-4.39394618573342,0.23172509367358,-4.84812736933364,-3.9397650021332
"WUE_ET_minus_WUE_T",0.260227320643757,"US-A03",-1.68240254933716,"WUE_ET - WUE_T",-4.87870443542635,0.228012538189314,-5.32560901027741,-4.4317998605753
"WUE_ET_minus_WUE_E",0.260227320643757,"US-A03",-1.68240254933716,"WUE_ET - WUE_E",-1.14176086817753,0.230345258652056,-1.59323757513556,-0.690284161219497
"WUE_E_minus_WUE_T",0.260227320643757,"US-A03",-1.68240254933716,"WUE_E - WUE_T",-4.22684230093913,0.231489969413276,-4.68056264098915,-3.77312196088911
"WUE_ET_minus_WUE_T",0.266082797456484,"US-A03",-1.64902216044799,"WUE_ET - WUE_T",-4.73554970196117,0.227469872381023,-5.18139065182798,-4.28970875209437
"WUE_ET_minus_WUE_E",0.266082797456484,"US-A03",-1.64902216044799,"WUE_ET - WUE_E",-1.14822440150395,0.229877621709337,-1.59878454005425,-0.697664262953649
"WUE_E_minus_WUE_T",0.266082797456484,"US-A03",-1.64902216044799,"WUE_E - WUE_T",-4.0656774487809,0.231060514089399,-4.51855605639612,-3.61279884116568
"WUE_ET_minus_WUE_T",0.271938274269211,"US-A03",-1.61564177155882,"WUE_ET - WUE_T",-4.59730123404651,0.226740119158335,-5.04171186759684,-4.15289060049617
"WUE_ET_minus_WUE_E",0.271938274269211,"US-A03",-1.61564177155882,"WUE_ET - WUE_E",-1.15400796918464,0.229184362293282,-1.60320931927947,-0.70480661908981
"WUE_E_minus_WUE_T",0.271938274269211,"US-A03",-1.61564177155882,"WUE_E - WUE_T",-3.91051417139175,0.230386022196138,-4.36207077489618,-3.45895756788732
"WUE_ET_minus_WUE_T",0.277793751081939,"US-A03",-1.58226138266964,"WUE_ET - WUE_T",-4.46404274603159,0.225790567122865,-4.9065922575924,-4.02149323447077
"WUE_ET_minus_WUE_E",0.277793751081939,"US-A03",-1.58226138266964,"WUE_ET - WUE_E",-1.15918354185779,0.228233016952546,-1.60652025508478,-0.711846828630801
"WUE_E_minus_WUE_T",0.277793751081939,"US-A03",-1.58226138266964,"WUE_E - WUE_T",-3.76136941946,0.229434111525321,-4.21106027804963,-3.31167856087037
"WUE_ET_minus_WUE_T",0.283649227894666,"US-A03",-1.54888099378047,"WUE_ET - WUE_T",-4.33583675140035,0.224603238011018,-4.77605909790194,-3.89561440489875
"WUE_ET_minus_WUE_E",0.283649227894666,"US-A03",-1.54888099378047,"WUE_ET - WUE_E",-1.16383508914611,0.227007067096216,-1.60876894065469,-0.718901237637524
"WUE_E_minus_WUE_T",0.283649227894666,"US-A03",-1.54888099378047,"WUE_E - WUE_T",-3.61822495541899,0.228188953985331,-4.06547530523024,-3.17097460560774
"WUE_ET_minus_WUE_T",0.289504704707393,"US-A03",-1.5155006048913,"WUE_ET - WUE_T",-4.21272945301201,0.223173293426496,-4.65014910812795,-3.77530979789608
"WUE_ET_minus_WUE_E",0.289504704707393,"US-A03",-1.5155006048913,"WUE_ET - WUE_E",-1.16805527931468,0.225504158355116,-1.61004342969071,-0.726067128938657
"WUE_E_minus_WUE_T",0.289504704707393,"US-A03",-1.5155006048913,"WUE_E - WUE_T",-3.48103599913326,0.226649401697169,-3.92526882645971,-3.03680317180681
"WUE_ET_minus_WUE_T",0.295360181520121,"US-A03",-1.48212021600212,"WUE_ET - WUE_T",-4.09475039700918,0.221508196095622,-4.5289064613566,-3.66059433266176
"WUE_ET_minus_WUE_E",0.295360181520121,"US-A03",-1.48212021600212,"WUE_ET - WUE_E",-1.1719452415396,0.223735171361262,-1.61046617740767,-0.733424305671527
"WUE_E_minus_WUE_T",0.295360181520121,"US-A03",-1.48212021600212,"WUE_E - WUE_T",-3.34973108187457,0.224828014237193,-3.79039398977947,-2.90906817396967
"WUE_ET_minus_WUE_T",0.301215658332848,"US-A03",-1.44873982711295,"WUE_ET - WUE_T",-3.98191039834998,0.219627005623939,-4.4123793293729,-3.55144146732706
"WUE_ET_minus_WUE_E",0.301215658332848,"US-A03",-1.44873982711295,"WUE_ET - WUE_E",-1.17561515707861,0.221723459543966,-1.61019313778478,-0.741037176372433
"WUE_E_minus_WUE_T",0.301215658332848,"US-A03",-1.44873982711295,"WUE_E - WUE_T",-3.22420917811058,0.222750270252055,-3.6607997078046,-2.78761864841655
"WUE_ET_minus_WUE_T",0.307071135145575,"US-A03",-1.41535943822378,"WUE_ET - WUE_T",-3.87420636816276,0.21755850305649,-4.30062103415348,-3.44779170217204
"WUE_ET_minus_WUE_E",0.307071135145575,"US-A03",-1.41535943822378,"WUE_ET - WUE_E",-1.17918148611603,0.219502833580812,-1.60940703993442,-0.748955932297636
"WUE_E_minus_WUE_T",0.307071135145575,"US-A03",-1.41535943822378,"WUE_E - WUE_T",-3.10434775475529,0.220452484907088,-3.53643462517318,-2.6722608843374
"WUE_ET_minus_WUE_T",0.312926611958303,"US-A03",-1.3819790493346,"WUE_ET - WUE_T",-3.77160730318362,0.21534180827401,-4.19367724740068,-3.34953735896656
"WUE_ET_minus_WUE_E",0.312926611958303,"US-A03",-1.3819790493346,"WUE_ET - WUE_E",-1.18277215278003,0.21711824029153,-1.60832390375143,-0.757220401808635
"WUE_E_minus_WUE_T",0.312926611958303,"US-A03",-1.3819790493346,"WUE_E - WUE_T",-2.98998221637495,0.217982523919945,-3.41722796325804,-2.56273646949186
"WUE_ET_minus_WUE_T",0.31878208877103,"US-A03",-1.34859866044543,"WUE_ET - WUE_T",-3.67404717906845,0.213025425946093,-4.09157701392279,-3.25651734421411
"WUE_ET_minus_WUE_E",0.31878208877103,"US-A03",-1.34859866044543,"WUE_ET - WUE_E",-1.18652863982521,0.214624733272347,-1.60719311703901,-0.765864162611408
"WUE_E_minus_WUE_T",0.31878208877103,"US-A03",-1.34859866044543,"WUE_E - WUE_T",-2.88089600110171,0.215398740864695,-3.30307753319651,-2.45871446900691
"WUE_ET_minus_WUE_T",0.324637565583758,"US-A03",-1.31521827155626,"WUE_ET - WUE_T",-3.58143089658038,0.210664095470169,-3.99433252370192,-3.16852926945885
"WUE_ET_minus_WUE_E",0.324637565583758,"US-A03",-1.31521827155626,"WUE_ET - WUE_E",-1.1906024874993,0.212084058475678,-1.60628724211162,-0.774917732886967
"WUE_E_minus_WUE_T",0.324637565583758,"US-A03",-1.31521827155626,"WUE_E - WUE_T",-2.77683057326105,0.212766433104643,-3.19385278214614,-2.35980836437595
"WUE_ET_minus_WUE_T",0.330493042396485,"US-A03",-1.28183788266708,"WUE_ET - WUE_T",-3.49364082578082,0.208315483867336,-3.9019391741608,-3.08534247740085
"WUE_ET_minus_WUE_E",0.330493042396485,"US-A03",-1.28183788266708,"WUE_ET - WUE_E",-1.19515208744598,0.209561051977912,-1.60589174932268,-0.784412425569269
"WUE_E_minus_WUE_T",0.330493042396485,"US-A03",-1.28183788266708,"WUE_E - WUE_T",-2.6774957887276,0.210154092520311,-3.0893978100674,-2.26559376738779
"WUE_ET_minus_WUE_T",0.336348519209212,"US-A03",-1.24845749377791,"WUE_ET - WUE_T",-3.41054341936518,0.206036904747037,-3.81437575266937,-3.00671108606099
"WUE_ET_minus_WUE_E",0.336348519209212,"US-A03",-1.24845749377791,"WUE_ET - WUE_E",-1.20033976655034,0.207120040051727,-1.60629504505172,-0.79438448804895
"WUE_E_minus_WUE_T",0.336348519209212,"US-A03",-1.24845749377791,"WUE_E - WUE_T",-2.5825800536189,0.207629643891854,-2.98953415564693,-2.17562595159086
"WUE_ET_minus_WUE_T",0.34220399602194,"US-A03",-1.21507710488874,"WUE_ET - WUE_T",-3.33198662800578,0.203882987552541,-3.73159728360876,-2.9323759724028
"WUE_ET_minus_WUE_E",0.34220399602194,"US-A03",-1.21507710488874,"WUE_ET - WUE_E",-1.20633123260898,0.20482221967098,-1.6077827831641,-0.804879682053861
"WUE_E_minus_WUE_T",0.34220399602194,"US-A03",-1.21507710488874,"WUE_E - WUE_T",-2.49174800207316,0.205257675661845,-2.89405304637038,-2.08944295777595
"WUE_ET_minus_WUE_T",0.348059472834667,"US-A03",-1.18169671599956,"WUE_ET - WUE_T",-3.25780459918608,0.201902643014775,-3.65353377949504,-2.86207541887712
"WUE_ET_minus_WUE_E",0.348059472834667,"US-A03",-1.18169671599956,"WUE_ET - WUE_E",-1.21329391687636,0.202722268184165,-1.61062956251732,-0.815958271235393
"WUE_E_minus_WUE_T",0.348059472834667,"US-A03",-1.18169671599956,"WUE_E - WUE_T",-2.40464731031647,0.203095863312203,-2.80271520240839,-2.00657941822455
"WUE_ET_minus_WUE_T",0.353914949647394,"US-A03",-1.14831632711039,"WUE_ET - WUE_T",-3.18781894711559,0.200136583363711,-3.58008665050847,-2.79555124372272
"WUE_ET_minus_WUE_E",0.353914949647394,"US-A03",-1.14831632711039,"WUE_ET - WUE_E",-1.22139535812126,0.200865529534521,-1.61509179600892,-0.827698920233599
"WUE_E_minus_WUE_T",0.353914949647394,"US-A03",-1.14831632711039,"WUE_E - WUE_T",-2.32091167419539,0.201191977383696,-2.71524794986743,-1.92657539852335
"WUE_ET_minus_WUE_T",0.359770426460122,"US-A03",-1.11493593822122,"WUE_ET - WUE_T",-3.12183477006356,0.198615578015178,-3.51112130297331,-2.73254823715381
"WUE_ET_minus_WUE_E",0.359770426460122,"US-A03",-1.11493593822122,"WUE_ET - WUE_E",-1.23080156690046,0.199285985399923,-1.62140209828431,-0.840201035516614
"WUE_E_minus_WUE_T",0.359770426460122,"US-A03",-1.11493593822122,"WUE_E - WUE_T",-2.24015799116614,0.199581699749319,-2.63133812267481,-1.84897785965747
"WUE_ET_minus_WUE_T",0.365625903272849,"US-A03",-1.08155554933204,"WUE_ET - WUE_T",-3.05964213213134,0.197358702686643,-3.44646518939716,-2.67281907486552
"WUE_ET_minus_WUE_E",0.365625903272849,"US-A03",-1.08155554933204,"WUE_ET - WUE_E",-1.24167535998544,0.198004267588707,-1.6297637244593,-0.853586995511569
"WUE_E_minus_WUE_T",0.365625903272849,"US-A03",-1.08155554933204,"WUE_E - WUE_T",-2.1619896217189,0.198286506714664,-2.55063117487964,-1.77334806855816
"WUE_ET_minus_WUE_T",0.371481380085577,"US-A03",-1.04817516044287,"WUE_ET - WUE_T",-3.00102097588706,0.196371994839878,-3.38591008577322,-2.6161318660009
"WUE_ET_minus_WUE_E",0.371481380085577,"US-A03",-1.04817516044287,"WUE_ET - WUE_E",-1.25417544062984,0.197026175590362,-1.64034674478695,-0.86800413647273
"WUE_E_minus_WUE_T",0.371481380085577,"US-A03",-1.04817516044287,"WUE_E - WUE_T",-2.086002724533,0.197312110592345,-2.472734461294,-1.699270987772
"WUE_ET_minus_WUE_T",0.377336856898304,"US-A03",-1.01479477155369,"WUE_ET - WUE_T",-2.94574198071934,0.195648296903493,-3.32921264265019,-2.56227131878849
"WUE_ET_minus_WUE_E",0.377336856898304,"US-A03",-1.01479477155369,"WUE_ET - WUE_E",-1.26845420178075,0.196342527680967,-1.65328555603544,-0.883622847526051
"WUE_E_minus_WUE_T",0.377336856898304,"US-A03",-1.01479477155369,"WUE_E - WUE_T",-2.01178934740078,0.196648311896413,-2.39722003871775,-1.62635865608381
"WUE_ET_minus_WUE_T",0.383192333711031,"US-A03",-0.981414382664521,"WUE_ET - WUE_T",-2.8935669721383,0.195168141910545,-3.27609653028297,-2.51103741399363
"WUE_ET_minus_WUE_E",0.383192333711031,"US-A03",-0.981414382664521,"WUE_ET - WUE_E",-1.28465417224606,0.195930207435301,-1.66867737881925,-0.900630965672867
"WUE_E_minus_WUE_T",0.383192333711031,"US-A03",-0.981414382664521,"WUE_E - WUE_T",-1.93894134558455,0.19627012860929,-2.32363079765876,-1.55425189351034
"WUE_ET_minus_WUE_T",0.389047810523759,"US-A03",-0.948033993775348,"WUE_ET - WUE_T",-2.84425069394368,0.194901288502057,-3.22625721940771,-2.46224416847965
"WUE_ET_minus_WUE_E",0.389047810523759,"US-A03",-0.948033993775348,"WUE_ET - WUE_E",-1.30290581413983,0.195753981397415,-1.68658361767876,-0.919228010600891
"WUE_E_minus_WUE_T",0.389047810523759,"US-A03",-0.948033993775348,"WUE_E - WUE_T",-1.8670544952041,0.196139762852755,-2.2514884303955,-1.4826205600127
"WUE_ET_minus_WUE_T",0.394903287336486,"US-A03",-0.914653604886175,"WUE_ET - WUE_T",-2.79754423169472,0.194808470589985,-3.17936883405109,-2.41571962933835
"WUE_ET_minus_WUE_E",0.394903287336486,"US-A03",-0.914653604886175,"WUE_ET - WUE_E",-1.32332805504763,0.195768590952215,-1.70703449331397,-0.939621616781293
"WUE_E_minus_WUE_T",0.394903287336486,"US-A03",-0.914653604886175,"WUE_E - WUE_T",-1.79573177229132,0.196208875024796,-2.18030116733992,-1.41116237724272
"WUE_ET_minus_WUE_T",0.400758764149213,"US-A03",-0.881273215997001,"WUE_ET - WUE_T",-2.75319726824413,0.194844009621485,-3.13509152710224,-2.37130300938602
"WUE_ET_minus_WUE_E",0.400758764149213,"US-A03",-0.881273215997001,"WUE_ET - WUE_E",-1.34602596396075,0.195921777017422,-1.7300326469149,-0.962019281006605
"WUE_E_minus_WUE_T",0.400758764149213,"US-A03",-0.881273215997001,"WUE_E - WUE_T",-1.72458812783632,0.196421825348886,-2.10957490552013,-1.3396013501525
"WUE_ET_minus_WUE_T",0.406614240961941,"US-A03",-0.847892827107828,"WUE_ET - WUE_T",-2.71096019343494,0.194958716433202,-3.09307927764402,-2.32884110922587
"WUE_ET_minus_WUE_E",0.406614240961941,"US-A03",-0.847892827107828,"WUE_ET - WUE_E",-1.37108873014973,0.196157603137811,-1.75555763229984,-0.986619827999619
"WUE_E_minus_WUE_T",0.406614240961941,"US-A03",-0.847892827107828,"WUE_E - WUE_T",-1.6532548090852,0.196719216839424,-2.03882447409048,-1.26768514407993
"WUE_ET_minus_WUE_T",0.412469717774668,"US-A03",-0.814512438218654,"WUE_ET - WUE_T",-2.67058540618786,0.195101900665218,-3.05298513149169,-2.28818568088403
"WUE_ET_minus_WUE_E",0.412469717774668,"US-A03",-0.814512438218654,"WUE_ET - WUE_E",-1.39859303679556,0.196418772571722,-1.78357383103613,-1.01361224255498
"WUE_E_minus_WUE_T",0.412469717774668,"US-A03",-0.814512438218654,"WUE_E - WUE_T",-1.58137751630126,0.197040373605309,-1.96757664856766,-1.19517838403485
"WUE_ET_minus_WUE_T",0.418325194587395,"US-A03",-0.781132049329481,"WUE_ET - WUE_T",-2.63182980690703,0.195224097544152,-3.01446903809357,-2.24919057572049
"WUE_ET_minus_WUE_E",0.418325194587395,"US-A03",-0.781132049329481,"WUE_ET - WUE_E",-1.42860108221808,0.196649680597685,-1.81403445618954,-1.04316770824662
"WUE_E_minus_WUE_T",0.418325194587395,"US-A03",-0.781132049329481,"WUE_E - WUE_T",-1.50862111980542,0.197326559038436,-1.89538117552076,-1.12186106409009
"WUE_ET_minus_WUE_T",0.424180671400123,"US-A03",-0.747751660440307,"WUE_ET - WUE_T",-2.59445933617737,0.195280992957719,-2.9772100823745,-2.21170858998024
"WUE_ET_minus_WUE_E",0.424180671400123,"US-A03",-0.747751660440307,"WUE_ET - WUE_E",-1.46115211757075,0.196800735815334,-1.8468815597688,-1.0754226753727
"WUE_E_minus_WUE_T",0.424180671400123,"US-A03",-0.747751660440307,"WUE_E - WUE_T",-1.43468299918772,0.197525494923685,-1.82183296923814,-1.04753302913729
"WUE_ET_minus_WUE_T",0.43003614821285,"US-A03",-0.714371271551134,"WUE_ET - WUE_T",-2.55824892661781,0.195234740946151,-2.94090901887226,-2.17558883436335
"WUE_ET_minus_WUE_E",0.43003614821285,"US-A03",-0.714371271551134,"WUE_ET - WUE_E",-1.49626626469983,0.196829801347427,-1.88205267534079,-1.11047985405887
"WUE_E_minus_WUE_T",0.43003614821285,"US-A03",-0.714371271551134,"WUE_E - WUE_T",-1.35928927204478,0.197592864187299,-1.74657128585189,-0.972007258237674
"WUE_ET_minus_WUE_T",0.435891625025578,"US-A03",-0.68099088266196,"WUE_ET - WUE_T",-2.52298424396194,0.195055425092662,-2.90529287714356,-2.14067561078032
"WUE_ET_minus_WUE_E",0.435891625025578,"US-A03",-0.68099088266196,"WUE_ET - WUE_E",-1.53394483007688,0.196703769284078,-1.91948421787367,-1.14840544228008
"WUE_E_minus_WUE_T",0.435891625025578,"US-A03",-0.68099088266196,"WUE_E - WUE_T",-1.28219645358218,0.197493939875471,-1.66928457573811,-0.89510833142626
"WUE_ET_minus_WUE_T",0.441747101838305,"US-A03",-0.647610493772787,"WUE_ET - WUE_T",-2.48846140437532,0.194721571359571,-2.87011568424008,-2.10680712451056
"WUE_ET_minus_WUE_E",0.441747101838305,"US-A03",-0.647610493772787,"WUE_ET - WUE_E",-1.57417267524712,0.196399085474356,-1.95911488277686,-1.18923046771738
"WUE_E_minus_WUE_T",0.441747101838305,"US-A03",-0.647610493772787,"WUE_E - WUE_T",-1.20318883866064,0.197204113960528,-1.58970890202327,-0.816668775298005
"WUE_ET_minus_WUE_T",0.447602578651032,"US-A03",-0.614230104883613,"WUE_ET - WUE_T",-2.45448607751578,0.19421998328827,-2.83515724476079,-2.07381491027077
"WUE_ET_minus_WUE_E",0.447602578651032,"US-A03",-0.614230104883613,"WUE_ET - WUE_E",-1.61692172996642,0.195901531916799,-2.00088873252335,-1.2329547274095
"WUE_E_minus_WUE_T",0.447602578651032,"US-A03",-0.614230104883613,"WUE_E - WUE_T",-1.12207408696379,0.196708651792277,-1.50762304447665,-0.736525129450925
"WUE_ET_minus_WUE_T",0.45345805546376,"US-A03",-0.58084971599444,"WUE_ET - WUE_T",-2.4208741307344,0.19354595271377,-2.80022419805339,-2.04152406341541
"WUE_ET_minus_WUE_E",0.45345805546376,"US-A03",-0.58084971599444,"WUE_ET - WUE_E",-1.6621512513838,0.19520642510093,-2.04475584458162,-1.27954665818598
"WUE_E_minus_WUE_T",0.45345805546376,"US-A03",-0.58084971599444,"WUE_E - WUE_T",-1.03868370883826,0.196002883089891,-1.42284935969444,-0.654518057982071
"WUE_ET_minus_WUE_T",0.459313532276487,"US-A03",-0.547469327105267,"WUE_ET - WUE_T",-2.38745080452704,0.192702718279327,-2.76514813235452,-2.00975347669956
"WUE_ET_minus_WUE_E",0.459313532276487,"US-A03",-0.547469327105267,"WUE_ET - WUE_E",-1.70981046284625,0.194317999428999,-2.09067374172709,-1.32894718396541
"WUE_E_minus_WUE_T",0.459313532276487,"US-A03",-0.547469327105267,"WUE_E - WUE_T",-0.952869589515535,0.195091547741532,-1.33524902308894,-0.570490155942133
"WUE_ET_minus_WUE_T",0.465169009089214,"US-A03",-0.514088938216093,"WUE_ET - WUE_T",-2.35405870644481,0.191703104656189,-2.72979679157094,-1.97832062131868
"WUE_ET_minus_WUE_E",0.465169009089214,"US-A03",-0.514088938216093,"WUE_ET - WUE_E",-1.75983164000889,0.193251180720239,-2.13860395422056,-1.38105932579723
"WUE_E_minus_WUE_T",0.465169009089214,"US-A03",-0.514088938216093,"WUE_E - WUE_T",-0.86451979597317,0.193990636191622,-1.24474144290875,-0.48429814903759
"WUE_ET_minus_WUE_T",0.471024485901942,"US-A03",-0.48070854932692,"WUE_ET - WUE_T",-2.32055662396708,0.190568334302686,-2.69407055920035,-1.94704268873382
"WUE_ET_minus_WUE_E",0.471024485901942,"US-A03",-0.48070854932692,"WUE_ET - WUE_E",-1.81213272048693,0.192030274831525,-2.18851205915672,-1.43575338181714
"WUE_E_minus_WUE_T",0.471024485901942,"US-A03",-0.48070854932692,"WUE_E - WUE_T",-0.773554723535284,0.192726018173248,-1.15129771915485,-0.395811727915718
"WUE_ET_minus_WUE_T",0.476879962714669,"US-A03",-0.447328160437746,"WUE_ET - WUE_T",-2.28681975301362,0.189326818251674,-2.6579003167869,-1.91573918924034
"WUE_ET_minus_WUE_E",0.476879962714669,"US-A03",-0.447328160437746,"WUE_ET - WUE_E",-1.86661896445828,0.190687634730234,-2.24036672852954,-1.49287120038702
"WUE_E_minus_WUE_T",0.476879962714669,"US-A03",-0.447328160437746,"WUE_E - WUE_T",-0.679925786707078,0.191332049721949,-1.0549366041621,-0.304914969252058
"WUE_ET_minus_WUE_T",0.482735439527397,"US-A03",-0.413947771548572,"WUE_ET - WUE_T",-2.25273889224314,0.188012477852943,-2.6212433488349,-1.88423443565137
"WUE_ET_minus_WUE_E",0.482735439527397,"US-A03",-0.413947771548572,"WUE_ET - WUE_E",-1.923184969722,0.189261812144519,-2.29413812152526,-1.55223181791874
"WUE_E_minus_WUE_T",0.482735439527397,"US-A03",-0.413947771548572,"WUE_E - WUE_T",-0.583612581439012,0.189849641512091,-0.955717878802709,-0.211507284075314
"WUE_ET_minus_WUE_T",0.488590916340124,"US-A03",-0.380567382659399,"WUE_ET - WUE_T",-2.21821812255196,0.186662569303099,-2.58407675838604,-1.85235948671789
"WUE_ET_minus_WUE_E",0.488590916340124,"US-A03",-0.380567382659399,"WUE_ET - WUE_E",-1.98171772289331,0.187795156893697,-2.34979623040495,-1.61363921538166
"WUE_E_minus_WUE_T",0.488590916340124,"US-A03",-0.380567382659399,"WUE_E - WUE_T",-0.484617315334269,0.188323746679506,-0.853731858826101,-0.115502771842438
"WUE_ET_minus_WUE_T",0.494446393152851,"US-A03",-0.347186993770226,"WUE_ET - WUE_T",-2.18317794806631,0.185316363056537,-2.54639801965712,-1.8199578764755
"WUE_ET_minus_WUE_E",0.494446393152851,"US-A03",-0.347186993770226,"WUE_ET - WUE_E",-2.04209658268484,0.186332324078329,-2.40730793787836,-1.67688522749131
"WUE_E_minus_WUE_T",0.494446393152851,"US-A03",-0.347186993770226,"WUE_E - WUE_T",-0.382968482260997,0.186801780841854,-0.749099972711031,-0.0168369918109623
"WUE_ET_minus_WUE_T",0.500301869965579,"US-A03",-0.313806604881052,"WUE_ET - WUE_T",-2.14755340274796,0.184012749738838,-2.50821839223608,-1.78688841325983
"WUE_ET_minus_WUE_E",0.500301869965579,"US-A03",-0.313806604881052,"WUE_ET - WUE_E",-2.10419570902956,0.184917593470764,-2.46663419223226,-1.74175722582687
"WUE_E_minus_WUE_T",0.500301869965579,"US-A03",-0.313806604881052,"WUE_E - WUE_T",-0.278716382995282,0.185330795874673,-0.64196474290964,0.0845319769190765
"WUE_ET_minus_WUE_T",0.506157346778306,"US-A03",-0.280426215991879,"WUE_ET - WUE_T",-2.11129943616484,0.182788829982183,-2.46956554292992,-1.75303332939976
"WUE_ET_minus_WUE_E",0.506157346778306,"US-A03",-0.280426215991879,"WUE_ET - WUE_E",-2.16788497687224,0.183593219248858,-2.5277276866,-1.80804226714448
"WUE_E_minus_WUE_T",0.506157346778306,"US-A03",-0.280426215991879,"WUE_E - WUE_T",-0.171938557956388,0.183955703656996,-0.5324917371241,0.188614621211324
"WUE_ET_minus_WUE_T",0.512012823591033,"US-A03",-0.247045827102706,"WUE_ET - WUE_T",-2.07439249378828,0.181677754979827,-2.43048089354874,-1.71830409402782
"WUE_ET_minus_WUE_E",0.512012823591033,"US-A03",-0.247045827102706,"WUE_ET - WUE_E",-2.23303189818797,0.182396947998309,-2.59052991626466,-1.87553388011129
"WUE_E_minus_WUE_T",0.512012823591033,"US-A03",-0.247045827102706,"WUE_E - WUE_T",-0.0627398427898123,0.182716625260825,-0.42086442830103,0.295384742721405
"WUE_ET_minus_WUE_T",0.517868300403761,"US-A03",-0.213665438213532,"WUE_ET - WUE_T",-2.03682959996398,0.18070633484019,-2.39101401625076,-1.68264518367721
"WUE_ET_minus_WUE_E",0.517868300403761,"US-A03",-0.213665438213532,"WUE_ET - WUE_E",-2.29950555762769,0.181359277153645,-2.65496974084884,-1.94404137440655
"WUE_E_minus_WUE_T",0.517868300403761,"US-A03",-0.213665438213532,"WUE_E - WUE_T",0.048752359888119,0.181645965740599,-0.307273732963456,0.404778452739694
"WUE_ET_minus_WUE_T",0.523723777216488,"US-A03",-0.180285049324359,"WUE_ET - WUE_T",-1.99863284781555,0.17989360188118,-2.35122430750266,-1.64604138812844
"WUE_ET_minus_WUE_E",0.523723777216488,"US-A03",-0.180285049324359,"WUE_ET - WUE_E",-2.36718044938247,0.180501743418311,-2.72096386648236,-2.01339703228258
"WUE_E_minus_WUE_T",0.523723777216488,"US-A03",-0.180285049324359,"WUE_E - WUE_T",0.162386399851967,0.180766555217542,-0.191916048374415,0.516688848078349
"WUE_ET_minus_WUE_T",0.529579254029215,"US-A03",-0.146904660435185,"WUE_ET - WUE_T",-1.95984033390324,0.179248350451723,-2.31116710078861,-1.60851356701786
"WUE_ET_minus_WUE_E",0.529579254029215,"US-A03",-0.146904660435185,"WUE_ET - WUE_E",-2.43593772506574,0.179834180673554,-2.78841271918591,-2.08346273094558
"WUE_E_minus_WUE_T",0.529579254029215,"US-A03",-0.146904660435185,"WUE_E - WUE_T",0.277998118034468,0.180088761103956,-0.0749758537292854,0.63097208979822
"WUE_ET_minus_WUE_T",0.535434730841943,"US-A03",-0.113524271546012,"WUE_ET - WUE_T",-1.92050590693142,0.17876861215183,-2.27089238674901,-1.57011942711384
"WUE_ET_minus_WUE_E",0.535434730841943,"US-A03",-0.113524271546012,"WUE_ET - WUE_E",-2.50566979997863,0.179354094125043,-2.85720382446372,-2.15413577549355
"WUE_E_minus_WUE_T",0.535434730841943,"US-A03",-0.113524271546012,"WUE_E - WUE_T",0.395415406575078,0.179609807939492,0.043380183013674,0.747450630136483
"WUE_ET_minus_WUE_T",0.54129020765467,"US-A03",-0.0801438826568386,"WUE_ET - WUE_T",-1.88070017302729,0.178442138983891,-2.23044676543572,-1.53095358061887
"WUE_ET_minus_WUE_E",0.54129020765467,"US-A03",-0.0801438826568386,"WUE_ET - WUE_E",-2.57628592276245,0.179047182275062,-2.92721840002158,-2.22535344550333
"WUE_E_minus_WUE_T",0.54129020765467,"US-A03",-0.0801438826568386,"WUE_E - WUE_T",0.514462191705593,0.179314318855145,0.163006126749508,0.865918256661678
"WUE_ET_minus_WUE_T",0.547145684467398,"US-A03",-0.0467634937676646,"WUE_ET - WUE_T",-1.84050722595125,0.178247209344318,-2.18987175626612,-1.49114269563639
"WUE_ET_minus_WUE_E",0.547145684467398,"US-A03",-0.0467634937676646,"WUE_ET - WUE_E",-2.64771424916355,0.178888291596009,-2.99833530069173,-2.29709319763537
"WUE_E_minus_WUE_T",0.547145684467398,"US-A03",-0.0467634937676646,"WUE_E - WUE_T",0.63496416530987,0.179175350288485,0.28378047874444,0.9861478518753
"WUE_ET_minus_WUE_T",0.553001161280125,"US-A03",-0.0133831048784912,"WUE_ET - WUE_T",-1.80002251807677,0.178154441537754,-2.14920522349077,-1.45083981266278
"WUE_ET_minus_WUE_E",0.553001161280125,"US-A03",-0.0133831048784912,"WUE_ET - WUE_E",-2.7199057739846,0.178843506894756,-3.07043904749832,-2.36937250047088
"WUE_E_minus_WUE_T",0.553001161280125,"US-A03",-0.0133831048784912,"WUE_E - WUE_T",0.75675490351246,0.179156629038893,0.40560791059623,1.10790189642869
"WUE_ET_minus_WUE_T",0.558856638092852,"US-A03",0.0199972840106822,"WUE_ET - WUE_T",-1.75934949178845,0.178128734473103,-2.10848181135574,-1.41021717222117
"WUE_ET_minus_WUE_E",0.558856638092852,"US-A03",0.0199972840106822,"WUE_ET - WUE_E",-2.79283292744526,0.178872419222365,-3.14342286912109,-2.44224298576942
"WUE_E_minus_WUE_T",0.558856638092852,"US-A03",0.0199972840106822,"WUE_E - WUE_T",0.87967849423883,0.179214994130193,0.528417105743652,1.23093988273401
"WUE_ET_minus_WUE_T",0.56471211490558,"US-A03",0.0533776728998556,"WUE_ET - WUE_T",-1.71859643084586,0.178131752185542,-2.06773466512952,-1.3694581965622
"WUE_ET_minus_WUE_E",0.56471211490558,"US-A03",0.0533776728998556,"WUE_ET - WUE_E",-2.8664899417673,0.178930985879868,-3.21719467409185,-2.51578520944276
"WUE_E_minus_WUE_T",0.56471211490558,"US-A03",0.0533776728998556,"WUE_E - WUE_T",1.00359354468921,0.179303453975316,0.652158774897593,1.35502831448083
"WUE_ET_minus_WUE_T",0.570567591718307,"US-A03",0.086758061789029,"WUE_ET - WUE_T",-1.67787581800998,0.178125616273409,-2.02700202590586,-1.3287496101141
"WUE_ET_minus_WUE_E",0.570567591718307,"US-A03",0.086758061789029,"WUE_ET - WUE_E",-2.94090164981333,0.178975681126165,-3.29169398482061,-2.59010931480605
"WUE_E_minus_WUE_T",0.570567591718307,"US-A03",0.086758061789029,"WUE_E - WUE_T",1.12838206558017,0.179375572525989,0.776805943429235,1.47995818773111
"WUE_ET_minus_WUE_T",0.576423068531034,"US-A03",0.120138450678202,"WUE_ET - WUE_T",-1.63730195370539,0.178075499983179,-1.98632993367242,-1.28827397373836
"WUE_ET_minus_WUE_E",0.576423068531034,"US-A03",0.120138450678202,"WUE_ET - WUE_E",-3.01612124366687,0.178966448419599,-3.36689548256928,-2.66534700476446
"WUE_E_minus_WUE_T",0.576423068531034,"US-A03",0.120138450678202,"WUE_E - WUE_T",1.25395017322801,0.17938860580564,0.902348505848953,1.60555184060706
"WUE_ET_minus_WUE_T",0.582278545343762,"US-A03",0.153518839567376,"WUE_ET - WUE_T",-1.59698876822737,0.177952168495332,-1.94577501847822,-1.24820251797651
"WUE_ET_minus_WUE_E",0.582278545343762,"US-A03",0.153518839567376,"WUE_ET - WUE_E",-3.09222964235304,0.178869564378881,-3.44281398853565,-2.74164529617043
"WUE_E_minus_WUE_T",0.582278545343762,"US-A03",0.153518839567376,"WUE_E - WUE_T",1.38023005494315,0.179306530195239,1.02878925576048,1.73167085412582
"WUE_ET_minus_WUE_T",0.588134022156489,"US-A03",0.186899228456549,"WUE_ET - WUE_T",-1.55704789672596,0.177734637458722,-1.90540778614505,-1.20868800730687
"WUE_ET_minus_WUE_E",0.588134022156489,"US-A03",0.186899228456549,"WUE_ET - WUE_E",-3.1693382305008,0.17866060816837,-3.51951302251081,-2.8191634384908
"WUE_E_minus_WUE_T",0.588134022156489,"US-A03",0.186899228456549,"WUE_E - WUE_T",1.50718474679833,0.179103167586005,1.15614253832976,1.8582269552669
"WUE_ET_minus_WUE_T",0.593989498969216,"US-A03",0.220279617345723,"WUE_ET - WUE_T",-1.51758566359322,0.17741317272321,-1.86531548213071,-1.16985584505573
"WUE_ET_minus_WUE_E",0.593989498969216,"US-A03",0.220279617345723,"WUE_ET - WUE_E",-3.24759705520047,0.178327795044664,-3.59711953348801,-2.89807457691293
"WUE_E_minus_WUE_T",0.593989498969216,"US-A03",0.220279617345723,"WUE_E - WUE_T",1.63481923342368,0.178765684983121,1.28443849085676,1.9851999759906
"WUE_ET_minus_WUE_T",0.599844975781944,"US-A03",0.253660006234896,"WUE_ET - WUE_T",-1.47869910508214,0.176991990578651,-1.8256034066163,-1.13179480354798
"WUE_ET_minus_WUE_E",0.599844975781944,"US-A03",0.253660006234896,"WUE_ET - WUE_E",-3.3272051820416,0.177874984451689,-3.6758401515669,-2.97857021251629
"WUE_E_minus_WUE_T",0.599844975781944,"US-A03",0.253660006234896,"WUE_E - WUE_T",1.76319467116304,0.178297755478432,1.41373107042531,2.11265827190076
"WUE_ET_minus_WUE_T",0.605700452594671,"US-A03",0.28704039512407,"WUE_ET - WUE_T",-1.4404743243556,0.176489243081994,-1.7863932407963,-1.09455540791489
"WUE_ET_minus_WUE_E",0.605700452594671,"US-A03",0.28704039512407,"WUE_ET - WUE_E",-3.40840788963349,0.177321716613751,-3.75595845419644,-3.06085732507054
"WUE_E_minus_WUE_T",0.605700452594671,"US-A03",0.28704039512407,"WUE_E - WUE_T",1.89242772157797,0.177719620565067,1.54409726527044,2.2407581778855
"WUE_ET_minus_WUE_T",0.611555929407399,"US-A03",0.320420784013243,"WUE_ET - WUE_T",-1.40298982698587,0.175933689175581,-1.74781985777001,-1.05815979620174
"WUE_ET_minus_WUE_E",0.611555929407399,"US-A03",0.320420784013243,"WUE_ET - WUE_E",-3.49147694152008,0.176699606882544,-3.83780817100987,-3.1451457120303
"WUE_E_minus_WUE_T",0.611555929407399,"US-A03",0.320420784013243,"WUE_E - WUE_T",2.02266841879651,0.177064347906507,1.67562229689976,2.36971454069327
"WUE_ET_minus_WUE_T",0.617411406220126,"US-A03",0.353801172902417,"WUE_ET - WUE_T",-1.36631554720772,0.175363059660521,-1.71002714414234,-1.0226039502731
"WUE_ET_minus_WUE_E",0.617411406220126,"US-A03",0.353801172902417,"WUE_ET - WUE_E",-3.57670715457292,0.176050584752593,-3.921766300688,-3.23164800845783
"WUE_E_minus_WUE_T",0.617411406220126,"US-A03",0.353801172902417,"WUE_E - WUE_T",2.15409814741312,0.176376008852996,1.80840117006125,2.49979512476499
"WUE_ET_minus_WUE_T",0.623266883032853,"US-A03",0.38718156179159,"WUE_ET - WUE_T",-1.3305101345467,0.174822604866007,-1.67316244008407,-0.987857829009324
"WUE_ET_minus_WUE_E",0.623266883032853,"US-A03",0.38718156179159,"WUE_ET - WUE_E",-3.66441916337155,0.175425312779118,-4.00825277641862,-3.32058555032448
"WUE_E_minus_WUE_T",0.623266883032853,"US-A03",0.38718156179159,"WUE_E - WUE_T",2.28693538792104,0.175708033503613,1.94254764225396,2.63132313358812
"WUE_ET_minus_WUE_T",0.629122359845581,"US-A03",0.420561950680763,"WUE_ET - WUE_T",-1.2956207965927,0.174361957270555,-1.63737023284299,-0.953871360342412
"WUE_ET_minus_WUE_E",0.629122359845581,"US-A03",0.420561950680763,"WUE_ET - WUE_E",-3.754954865414,0.174879719518233,-4.09771911566973,-3.41219061515826
"WUE_E_minus_WUE_T",0.629122359845581,"US-A03",0.420561950680763,"WUE_E - WUE_T",2.42143170854466,0.175119578041133,2.07819733558404,2.76466608150528
"WUE_ET_minus_WUE_T",0.634977836658308,"US-A03",0.453942339569937,"WUE_ET - WUE_T",-1.26168139152249,0.174031934486257,-1.60278398311555,-0.920578799929426
"WUE_ET_minus_WUE_E",0.634977836658308,"US-A03",0.453942339569937,"WUE_ET - WUE_E",-3.84867565016114,0.17447141354685,-4.19063962071297,-3.50671167960932
"WUE_E_minus_WUE_T",0.634977836658308,"US-A03",0.453942339569937,"WUE_E - WUE_T",2.55787239271498,0.174671740055001,2.21551578220718,2.90022900322278
"WUE_ET_minus_WUE_T",0.640833313471035,"US-A03",0.48732272845911,"WUE_ET - WUE_T",-1.22871126325431,0.173880640744717,-1.56951731911395,-0.887905207394665
"WUE_ET_minus_WUE_E",0.640833313471035,"US-A03",0.48732272845911,"WUE_ET - WUE_E",-3.94595890706029,0.174255266025442,-4.28749922847016,-3.60441858565043
"WUE_E_minus_WUE_T",0.640833313471035,"US-A03",0.48732272845911,"WUE_E - WUE_T",2.69657461100104,0.174422873428991,2.35470577908022,3.03844344292186
"WUE_ET_minus_WUE_T",0.646688790283763,"US-A03",0.520703117348284,"WUE_ET - WUE_T",-1.196716438154,0.173949008682444,-1.53765649517159,-0.855776381136414
"WUE_ET_minus_WUE_E",0.646688790283763,"US-A03",0.520703117348284,"WUE_ET - WUE_E",-4.04719100343198,0.174278327491006,-4.38877652531436,-3.70560548154961
"WUE_E_minus_WUE_T",0.646688790283763,"US-A03",0.520703117348284,"WUE_E - WUE_T",2.83787955974669,0.17442318126184,2.49601012447349,3.1797489950199
"WUE_ET_minus_WUE_T",0.65254426709649,"US-A03",0.554083506237457,"WUE_ET - WUE_T",-1.16568731280083,0.174267319784113,-1.50725125957769,-0.824123366023968
"WUE_ET_minus_WUE_E",0.65254426709649,"US-A03",0.554083506237457,"WUE_ET - WUE_E",-4.15276159273673,0.174575771291431,-4.49493010446793,-3.81059308100552
"WUE_E_minus_WUE_T",0.65254426709649,"US-A03",0.554083506237457,"WUE_E - WUE_T",2.98214998662948,0.174710356124636,2.63971768862519,3.32458228463376
"WUE_ET_minus_WUE_T",0.658399743909217,"US-A03",0.58746389512663,"WUE_ET - WUE_T",-1.13559959946556,0.174851892568529,-1.47830930889988,-0.792889890031244
"WUE_ET_minus_WUE_E",0.658399743909217,"US-A03",0.58746389512663,"WUE_ET - WUE_E",-4.26305672106185,0.175167030547574,-4.60638410093509,-3.9197293411886
"WUE_E_minus_WUE_T",0.658399743909217,"US-A03",0.58746389512663,"WUE_E - WUE_T",3.12976275561859,0.175305428351946,2.78616411604877,3.4733613951884
"WUE_ET_minus_WUE_T",0.664255220721945,"US-A03",0.620844284015804,"WUE_ET - WUE_T",-1.10641773726695,0.175702805695136,-1.45079523642942,-0.762040238104484
"WUE_ET_minus_WUE_E",0.664255220721945,"US-A03",0.620844284015804,"WUE_ET - WUE_E",-4.3784520504306,0.176053128598117,-4.72351618248291,-4.03338791837829
"WUE_E_minus_WUE_T",0.664255220721945,"US-A03",0.620844284015804,"WUE_E - WUE_T",3.28109859858362,0.176209892669199,2.93572720895199,3.62646998821525
"WUE_ET_minus_WUE_T",0.670110697534672,"US-A03",0.654224672904978,"WUE_ET - WUE_T",-1.07809560002586,0.176803656908119,-1.42463076756578,-0.73156043248595
"WUE_ET_minus_WUE_E",0.670110697534672,"US-A03",0.654224672904978,"WUE_ET - WUE_E",-4.49930462844978,0.177216301846527,-4.84664858006897,-4.15196067683059
"WUE_E_minus_WUE_T",0.670110697534672,"US-A03",0.654224672904978,"WUE_E - WUE_T",3.43653374706628,0.177405261685667,3.08881943416237,3.78424805997019
"WUE_ET_minus_WUE_T",0.6759661743474,"US-A03",0.687605061794151,"WUE_ET - WUE_T",-1.05057794039227,0.178122837464749,-1.39969870182318,-0.701457178961365
"WUE_ET_minus_WUE_E",0.6759661743474,"US-A03",0.687605061794151,"WUE_ET - WUE_E",-4.62594603826795,0.178621375727143,-4.97604393469315,-4.27584814184275
"WUE_E_minus_WUE_T",0.6759661743474,"US-A03",0.687605061794151,"WUE_E - WUE_T",3.59643195679725,0.178854499190965,3.24587713838296,3.94698677521155
"WUE_ET_minus_WUE_T",0.681821651160127,"US-A03",0.720985450683325,"WUE_ET - WUE_T",-1.02380463352343,0.17961552573257,-1.37585106395927,-0.671758203087596
"WUE_ET_minus_WUE_E",0.681821651160127,"US-A03",0.720985450683325,"WUE_ET - WUE_E",-4.75868718947298,0.180218043094105,-5.11191455393742,-4.40545982500853
"WUE_E_minus_WUE_T",0.681821651160127,"US-A03",0.720985450683325,"WUE_E - WUE_T",3.76114386113725,0.18050445460152,3.40735513011827,4.11493259215622
"WUE_ET_minus_WUE_T",0.687677127972854,"US-A03",0.754365839572498,"WUE_ET - WUE_T",-0.997711603738301,0.181227782619004,-1.35291805767155,-0.642505149805052
"WUE_ET_minus_WUE_E",0.687677127972854,"US-A03",0.754365839572498,"WUE_ET - WUE_E",-4.89780770679918,0.181945444275158,-5.25442077757849,-4.54119463601987
"WUE_E_minus_WUE_T",0.687677127972854,"US-A03",0.754365839572498,"WUE_E - WUE_T",3.93099617519795,0.182290700300411,3.57370640260915,4.28828594778676
"WUE_ET_minus_WUE_T",0.693532604785582,"US-A03",0.787746228461671,"WUE_ET - WUE_T",-0.97223131631305,0.182901919735243,-1.33071907899413,-0.613743553631974
"WUE_ET_minus_WUE_E",0.693532604785582,"US-A03",0.787746228461671,"WUE_ET - WUE_E",-5.04354142109388,0.183738142969437,-5.40366818131398,-4.68341466087378
"WUE_E_minus_WUE_T",0.693532604785582,"US-A03",0.787746228461671,"WUE_E - WUE_T",4.10627785428101,0.18414382522307,3.74535595684379,4.46719975171823
"WUE_ET_minus_WUE_T",0.699388081598309,"US-A03",0.821126617350845,"WUE_ET - WUE_T",-0.947294436413343,0.184581729975076,-1.30907462716449,-0.585514245662195
"WUE_ET_minus_WUE_E",0.699388081598309,"US-A03",0.821126617350845,"WUE_ET - WUE_E",-5.19607122075129,0.18553195856561,-5.55971385953988,-4.83242858196269
"WUE_E_minus_WUE_T",0.699388081598309,"US-A03",0.821126617350845,"WUE_E - WUE_T",4.28723342773127,0.185995578643861,3.92268209358931,4.65178476187324
"WUE_ET_minus_WUE_T",0.705243558411036,"US-A03",0.854507006240018,"WUE_ET - WUE_T",-0.922831575158718,0.186216304608965,-1.28781553219229,-0.557847618125147
"WUE_ET_minus_WUE_E",0.705243558411036,"US-A03",0.854507006240018,"WUE_ET - WUE_E",-5.35553995233755,0.187268241234859,-5.72258570515788,-4.98849419951723
"WUE_E_minus_WUE_T",0.705243558411036,"US-A03",0.854507006240018,"WUE_E - WUE_T",4.47407089752611,0.187783380067753,4.10601547259331,4.8421263224589
"WUE_ET_minus_WUE_T",0.711099035223764,"US-A03",0.887887395129191,"WUE_ET - WUE_T",-0.89877503136521,0.187765125288273,-1.26679467693023,-0.530755385800196
"WUE_ET_minus_WUE_E",0.711099035223764,"US-A03",0.887887395129191,"WUE_ET - WUE_E",-5.52203992923241,0.188899479460798,-5.89228290897557,-5.15179694948924
"WUE_E_minus_WUE_T",0.711099035223764,"US-A03",0.887887395129191,"WUE_E - WUE_T",4.6669500949559,0.189456186406098,4.29561596959995,5.03828422031185
"WUE_ET_minus_WUE_T",0.716954512036491,"US-A03",0.921267784018365,"WUE_ET - WUE_T",-0.875059687603759,0.189201932080729,-1.24589547448199,-0.504223900725529
"WUE_ET_minus_WUE_E",0.716954512036491,"US-A03",0.921267784018365,"WUE_ET - WUE_E",-5.69561214814379,0.190393556163735,-6.06878351822471,-5.32244077806287
"WUE_E_minus_WUE_T",0.716954512036491,"US-A03",0.921267784018365,"WUE_E - WUE_T",4.86598090780075,0.19097894045345,4.49166218451199,5.24029963108951
"WUE_ET_minus_WUE_T",0.722809988849218,"US-A03",0.954648172907538,"WUE_ET - WUE_T",-0.851623886230661,0.19051741695683,-1.22503802346605,-0.478209748995274
"WUE_ET_minus_WUE_E",0.722809988849218,"US-A03",0.954648172907538,"WUE_ET - WUE_E",-5.87625117772936,0.191736724149216,-6.25205515706182,-5.5004471983969
"WUE_E_minus_WUE_T",0.722809988849218,"US-A03",0.954648172907538,"WUE_E - WUE_T",5.07122671595096,0.192335684307677,4.69424877470791,5.44820465719401
"WUE_ET_minus_WUE_T",0.728665465661946,"US-A03",0.988028561796712,"WUE_ET - WUE_T",-0.828410637432999,0.191722149558291,-1.20418605056725,-0.452635224298747
"WUE_ET_minus_WUE_E",0.728665465661946,"US-A03",0.988028561796712,"WUE_ET - WUE_E",-6.06389977111384,0.192936847201022,-6.44205599162784,-5.68574355059983
"WUE_E_minus_WUE_T",0.728665465661946,"US-A03",0.988028561796712,"WUE_E - WUE_T",5.28269804559875,0.193532955417535,4.90337345298038,5.66202263821712
"WUE_ET_minus_WUE_T",0.734520942474673,"US-A03",1.02140895068588,"WUE_ET - WUE_T",-0.805368490909746,0.192848258653747,-1.18335107787109,-0.427385903948402
"WUE_ET_minus_WUE_E",0.734520942474673,"US-A03",1.02140895068588,"WUE_ET - WUE_E",-6.25844839465783,0.194025323850232,-6.63873802940428,-5.87815875991138
"WUE_E_minus_WUE_T",0.734520942474673,"US-A03",1.02140895068588,"WUE_E - WUE_T",5.500351114483,0.194601829912785,5.11893152785394,5.88177070111206
"WUE_ET_minus_WUE_T",0.7403764192874,"US-A03",1.05478933957506,"WUE_ET - WUE_T",-0.782451615456512,0.193949574979328,-1.16259278241599,-0.40231044849703
"WUE_ET_minus_WUE_E",0.7403764192874,"US-A03",1.05478933957506,"WUE_ET - WUE_E",-6.45974036895075,0.195057378530995,-6.8420528308715,-6.07742790703
"WUE_E_minus_WUE_T",0.7403764192874,"US-A03",1.05478933957506,"WUE_E - WUE_T",5.7240924401213,0.195598288365678,5.34071979492457,6.10746508531803
"WUE_ET_minus_WUE_T",0.746231896100128,"US-A03",1.08816972846423,"WUE_ET - WUE_T",-0.759620447959477,0.195101224691578,-1.14201884835497,-0.377222047563985
"WUE_ET_minus_WUE_E",0.746231896100128,"US-A03",1.08816972846423,"WUE_ET - WUE_E",-6.6675720267667,0.196111802937804,-7.0519511605248,-6.28319289300861
"WUE_E_minus_WUE_T",0.746231896100128,"US-A03",1.08816972846423,"WUE_E - WUE_T",5.95377822594509,0.196603034064022,5.5684362791796,6.33912017271057
"WUE_ET_minus_WUE_T",0.752087372912855,"US-A03",1.12155011735341,"WUE_ET - WUE_T",-0.736841140708331,0.196397241966025,-1.12177973496174,-0.351902546454922
"WUE_ET_minus_WUE_E",0.752087372912855,"US-A03",1.12155011735341,"WUE_ET - WUE_E",-6.88170025854205,0.197288564957134,-7.26838584585804,-6.49501467122607
"WUE_E_minus_WUE_T",0.752087372912855,"US-A03",1.12155011735341,"WUE_E - WUE_T",6.18922191262327,0.197719104866034,5.80169246708584,6.57675135816069
"WUE_ET_minus_WUE_T",0.757942849725583,"US-A03",1.15493050624258,"WUE_ET - WUE_T",-0.7140846744754,0.19794687074129,-1.10206054112833,-0.326108807822472
"WUE_ET_minus_WUE_E",0.757942849725583,"US-A03",1.15493050624258,"WUE_ET - WUE_E",-7.10185180329347,0.198704986951939,-7.49131357771927,-6.71239002886767
"WUE_E_minus_WUE_T",0.757942849725583,"US-A03",1.15493050624258,"WUE_E - WUE_T",6.43020371889533,0.199067995223915,6.04003044825646,6.82037698953421
"WUE_ET_minus_WUE_T",0.76379832653831,"US-A03",1.18831089513175,"WUE_ET - WUE_T",-0.691326818789279,0.199870335502747,-1.08307267637466,-0.299580961203894
"WUE_ET_minus_WUE_E",0.76379832653831,"US-A03",1.18831089513175,"WUE_ET - WUE_E",-7.32772609152744,0.200491307793521,-7.72068905480274,-6.93476312825214
"WUE_E_minus_WUE_T",0.76379832653831,"US-A03",1.18831089513175,"WUE_E - WUE_T",6.67647329504468,0.200785117076389,6.28293446557496,7.07001212451441
"WUE_ET_minus_WUE_T",0.769653803351037,"US-A03",1.22169128402093,"WUE_ET - WUE_T",-0.668548055334363,0.202293388451503,-1.06504309669931,-0.272053013969418
"WUE_ET_minus_WUE_E",0.769653803351037,"US-A03",1.22169128402093,"WUE_ET - WUE_E",-7.55899855537694,0.202784819511133,-7.95645680161876,-7.16154030913512
"WUE_E_minus_WUE_T",0.769653803351037,"US-A03",1.22169128402093,"WUE_E - WUE_T",6.92775285074676,0.203013728608183,6.52984594267472,7.3256597588188
"WUE_ET_minus_WUE_T",0.775509280163765,"US-A03",1.2550716729101,"WUE_ET - WUE_T",-0.645734028868511,0.205341028757891,-1.04820244523398,-0.243265612503045
"WUE_ET_minus_WUE_E",0.775509280163765,"US-A03",1.2550716729101,"WUE_ET - WUE_E",-7.79532108272929,0.205722968808503,-8.19853810159395,-7.39210406386462
"WUE_E_minus_WUE_T",0.775509280163765,"US-A03",1.2550716729101,"WUE_E - WUE_T",7.18373705789515,0.205897714699839,6.78017753708346,7.58729657870683
"WUE_ET_minus_WUE_T",0.781364756976492,"US-A03",1.28845206179927,"WUE_ET - WUE_T",-0.622873721142363,0.209129876914316,-1.03276827989442,-0.212979162390304
"WUE_ET_minus_WUE_E",0.781364756976492,"US-A03",1.28845206179927,"WUE_ET - WUE_E",-8.03633276601297,0.209434834333872,-8.44682504130736,-7.62584049071858
"WUE_E_minus_WUE_T",0.781364756976492,"US-A03",1.28845206179927,"WUE_E - WUE_T",7.44410501932981,0.209572594603279,7.03334273390738,7.85486730475223
"WUE_ET_minus_WUE_T",0.78722023378922,"US-A03",1.32183245068845,"WUE_ET - WUE_T",-0.599960338058577,0.213761789237902,-1.01893344496487,-0.180987231152288
"WUE_ET_minus_WUE_E",0.78722023378922,"US-A03",1.32183245068845,"WUE_ET - WUE_E",-8.28166061188886,0.214033837191587,-8.70116693278437,-7.86215429099335
"WUE_E_minus_WUE_T",0.78722023378922,"US-A03",1.32183245068845,"WUE_E - WUE_T",7.7085199169473,0.21415775027639,7.28877072640558,8.12826910748903
"WUE_ET_minus_WUE_T",0.793075710601947,"US-A03",1.35521283957762,"WUE_ET - WUE_T",-0.576990299853522,0.219317800875709,-1.00685318956991,-0.147127410137133
"WUE_ET_minus_WUE_E",0.793075710601947,"US-A03",1.35521283957762,"WUE_ET - WUE_E",-8.53092529556882,0.219610750207313,-8.96136236597516,-8.10048822516249
"WUE_E_minus_WUE_T",0.793075710601947,"US-A03",1.35521283957762,"WUE_E - WUE_T",7.97663545913712,0.219748938456359,7.54592753976266,8.40734337851159
