"site_name","metric","SPEI_timescale","month_f","baseline_WUE","baseline_n"
"US-A03","WUE_ET","SPEI_48","6",1.17507264512215,3
"US-A03","WUE_ET","SPEI_48","7",2.42415619315489,3
"US-A03","WUE_ET","SPEI_48","8",2.61030209699231,3
"US-A03","WUE_T","SPEI_48","6",3.28544180799684,3
"US-A03","WUE_T","SPEI_48","7",9.38625705831589,3
"US-A03","WUE_T","SPEI_48","8",10.7105443172871,3
"US-A10","WUE_ET","SPEI_48","6",1.10382590763316,7
"US-A10","WUE_ET","SPEI_48","7",2.47893319593217,7
"US-A10","WUE_ET","SPEI_48","8",3.08687519491271,5
"US-A10","WUE_T","SPEI_48","6",2.14814709312946,7
"US-A10","WUE_T","SPEI_48","7",4.4095696059793,7
"US-A10","WUE_T","SPEI_48","8",6.55754333211764,5
"US-Atq","WUE_ET","SPEI_48","5",0.514361854831923,3
"US-Atq","WUE_ET","SPEI_48","6",0.851853000013816,6
"US-Atq","WUE_ET","SPEI_48","7",0.94702660779944,6
"US-Atq","WUE_ET","SPEI_48","8",0.876873762344271,6
"US-Atq","WUE_T","SPEI_48","5",1.06940827636576,3
"US-Atq","WUE_T","SPEI_48","6",1.97283452694987,6
"US-Atq","WUE_T","SPEI_48","7",1.98067288447702,6
"US-Atq","WUE_T","SPEI_48","8",2.0638502568535,6
"US-Brw","WUE_ET","SPEI_48","6",0.920651826494099,9
"US-Brw","WUE_ET","SPEI_48","7",1.73547540690023,8
"US-Brw","WUE_ET","SPEI_48","8",1.96103810021219,8
"US-Brw","WUE_T","SPEI_48","6",1.94124556605774,9
"US-Brw","WUE_T","SPEI_48","7",2.73451475358346,8
"US-Brw","WUE_T","SPEI_48","8",3.52934663246243,8
"US-BWb","WUE_ET","SPEI_48","5",4.5725827801704,1
"US-BWb","WUE_ET","SPEI_48","6",2.19148947047253,1
"US-BWb","WUE_ET","SPEI_48","7",1.95609141861516,1
"US-BWb","WUE_ET","SPEI_48","8",2.30936111391776,1
"US-BWb","WUE_T","SPEI_48","5",8.38276372845264,1
"US-BWb","WUE_T","SPEI_48","6",3.64741592430362,1
"US-BWb","WUE_T","SPEI_48","7",4.31620080913767,1
"US-BWb","WUE_T","SPEI_48","8",3.91456460108346,1
"US-Ced","WUE_ET","SPEI_48","4",1.96228686420499,3
"US-Ced","WUE_ET","SPEI_48","5",2.15311857178916,5
"US-Ced","WUE_ET","SPEI_48","6",2.57106475749592,7
"US-Ced","WUE_ET","SPEI_48","7",2.35562891377797,8
"US-Ced","WUE_ET","SPEI_48","8",2.4796999228964,8
"US-Ced","WUE_ET","SPEI_48","9",2.54832318467977,7
"US-Ced","WUE_ET","SPEI_48","10",2.42426695669926,5
"US-Ced","WUE_T","SPEI_48","4",3.18310263114957,3
"US-Ced","WUE_T","SPEI_48","5",3.03976246459381,5
"US-Ced","WUE_T","SPEI_48","6",3.27871006057854,7
"US-Ced","WUE_T","SPEI_48","7",2.9513844097803,8
"US-Ced","WUE_T","SPEI_48","8",3.12088675674293,8
"US-Ced","WUE_T","SPEI_48","9",3.28307723906628,7
"US-Ced","WUE_T","SPEI_48","10",3.34636615054341,5
"US-CGG","WUE_ET","SPEI_48","2",1.71870003947816,2
"US-CGG","WUE_ET","SPEI_48","3",2.53326939588642,3
"US-CGG","WUE_ET","SPEI_48","4",2.93475454545591,2
"US-CGG","WUE_T","SPEI_48","2",8.038781776443,2
"US-CGG","WUE_T","SPEI_48","3",5.8686704175354,3
"US-CGG","WUE_T","SPEI_48","4",4.79875137654939,2
"US-Cms","WUE_ET","SPEI_48","6",0.908824729148775,6
"US-Cms","WUE_ET","SPEI_48","7",1.81530836345405,7
"US-Cms","WUE_ET","SPEI_48","8",2.48383713672177,6
"US-Cms","WUE_T","SPEI_48","6",1.38352555907249,6
"US-Cms","WUE_T","SPEI_48","7",2.74621374426453,7
"US-Cms","WUE_T","SPEI_48","8",4.13199945323558,6
"US-Dix","WUE_ET","SPEI_48","5",2.10127114488873,2
"US-Dix","WUE_ET","SPEI_48","6",2.6507753351409,1
"US-Dix","WUE_ET","SPEI_48","7",2.52565419044265,2
"US-Dix","WUE_ET","SPEI_48","8",2.91756938036623,2
"US-Dix","WUE_ET","SPEI_48","9",2.42922973866013,2
"US-Dix","WUE_T","SPEI_48","5",3.91342922198219,2
"US-Dix","WUE_T","SPEI_48","6",4.71039820570749,1
"US-Dix","WUE_T","SPEI_48","7",4.14181337822364,2
"US-Dix","WUE_T","SPEI_48","8",4.41029529030435,2
"US-Dix","WUE_T","SPEI_48","9",3.90199611378694,2
"US-Dmg","WUE_ET","SPEI_48","4",1.10165130146582,1
"US-Dmg","WUE_ET","SPEI_48","5",1.47309086215058,2
"US-Dmg","WUE_ET","SPEI_48","6",1.70105384505443,2
"US-Dmg","WUE_ET","SPEI_48","7",1.73726154777448,2
"US-Dmg","WUE_ET","SPEI_48","8",1.69098933979574,2
"US-Dmg","WUE_ET","SPEI_48","9",1.63395370287445,2
"US-Dmg","WUE_ET","SPEI_48","10",1.65078810534787,1
"US-Dmg","WUE_T","SPEI_48","4",1.99064582405032,1
"US-Dmg","WUE_T","SPEI_48","5",2.31728884908748,2
"US-Dmg","WUE_T","SPEI_48","6",2.69367838641942,2
"US-Dmg","WUE_T","SPEI_48","7",2.77052063894529,2
"US-Dmg","WUE_T","SPEI_48","8",2.65623072904522,2
"US-Dmg","WUE_T","SPEI_48","9",2.86512043638144,2
"US-Dmg","WUE_T","SPEI_48","10",3.22492795798773,1
"US-EDN","WUE_ET","SPEI_48","3",0.785246964932715,3
"US-EDN","WUE_ET","SPEI_48","4",0.82366131344076,4
"US-EDN","WUE_ET","SPEI_48","5",1.0110209168717,4
"US-EDN","WUE_ET","SPEI_48","6",1.06445194468311,4
"US-EDN","WUE_ET","SPEI_48","7",1.05027433857654,4
"US-EDN","WUE_ET","SPEI_48","8",0.969027810555247,2
"US-EDN","WUE_ET","SPEI_48","9",0.917915453934378,1
"US-EDN","WUE_T","SPEI_48","3",1.99505594576532,3
"US-EDN","WUE_T","SPEI_48","4",2.09212112368534,4
"US-EDN","WUE_T","SPEI_48","5",2.53245675860025,4
"US-EDN","WUE_T","SPEI_48","6",2.88914887723064,4
"US-EDN","WUE_T","SPEI_48","7",3.29071159007021,4
"US-EDN","WUE_T","SPEI_48","8",2.90889627452275,2
"US-EDN","WUE_T","SPEI_48","9",2.19998489928952,1
"US-EKH","WUE_ET","SPEI_48","2",0.955865365260242,1
"US-EKH","WUE_ET","SPEI_48","3",1.0592973289803,2
"US-EKH","WUE_ET","SPEI_48","4",1.44614831011018,1
"US-EKH","WUE_ET","SPEI_48","5",1.0562047573896,1
"US-EKH","WUE_ET","SPEI_48","6",1.04549117555988,2
"US-EKH","WUE_ET","SPEI_48","7",0.857448352391795,1
"US-EKH","WUE_ET","SPEI_48","8",1.26470742027487,2
"US-EKH","WUE_T","SPEI_48","2",2.39272476158425,1
"US-EKH","WUE_T","SPEI_48","3",2.1374898262377,2
"US-EKH","WUE_T","SPEI_48","4",3.36001084739166,1
"US-EKH","WUE_T","SPEI_48","5",2.63625434577197,1
"US-EKH","WUE_T","SPEI_48","6",4.57755886576218,2
"US-EKH","WUE_T","SPEI_48","7",4.48556061072164,1
"US-EKH","WUE_T","SPEI_48","8",5.9938699240668,2
"US-EKN","WUE_ET","SPEI_48","2",0.22234138199642,1
"US-EKN","WUE_ET","SPEI_48","3",0.319764206083858,1
"US-EKN","WUE_ET","SPEI_48","4",0.212269640299238,1
"US-EKN","WUE_ET","SPEI_48","5",0.220499310150351,1
"US-EKN","WUE_ET","SPEI_48","6",0.215984848767664,1
"US-EKN","WUE_ET","SPEI_48","7",0.306173345933566,2
"US-EKN","WUE_T","SPEI_48","2",0.693421653440425,1
"US-EKN","WUE_T","SPEI_48","3",0.638075672447721,1
"US-EKN","WUE_T","SPEI_48","4",0.355500109442623,1
"US-EKN","WUE_T","SPEI_48","5",0.323730611051924,1
"US-EKN","WUE_T","SPEI_48","6",0.373809756758537,1
"US-EKN","WUE_T","SPEI_48","7",0.575200420772908,2
"US-EKP","WUE_ET","SPEI_48","5",2.3908099052344,1
"US-EKP","WUE_ET","SPEI_48","6",3.23392327489535,2
"US-EKP","WUE_ET","SPEI_48","7",3.75490562946008,2
"US-EKP","WUE_ET","SPEI_48","8",3.23694342806965,2
"US-EKP","WUE_ET","SPEI_48","9",3.33506287594262,2
"US-EKP","WUE_T","SPEI_48","5",3.4899295971975,1
"US-EKP","WUE_T","SPEI_48","6",4.96755381019478,2
"US-EKP","WUE_T","SPEI_48","7",5.32766383502809,2
"US-EKP","WUE_T","SPEI_48","8",5.04197459690226,2
"US-EKP","WUE_T","SPEI_48","9",6.45116045748824,2
"US-Elm","WUE_ET","SPEI_48","3",0.292687639002012,5
"US-Elm","WUE_ET","SPEI_48","4",0.306492508020749,5
"US-Elm","WUE_ET","SPEI_48","5",0.330325017904391,5
"US-Elm","WUE_ET","SPEI_48","6",0.316624960673954,6
"US-Elm","WUE_ET","SPEI_48","7",0.180941353409127,5
"US-Elm","WUE_T","SPEI_48","3",0.662741420705631,5
"US-Elm","WUE_T","SPEI_48","4",0.640374511634958,5
"US-Elm","WUE_T","SPEI_48","5",0.645224838347972,5
"US-Elm","WUE_T","SPEI_48","6",0.724830048647362,6
"US-Elm","WUE_T","SPEI_48","7",0.404935887941052,5
"US-Esm","WUE_ET","SPEI_48","1",0.142522030682911,2
"US-Esm","WUE_ET","SPEI_48","2",0.352031554246627,4
"US-Esm","WUE_ET","SPEI_48","3",0.303761914008238,4
"US-Esm","WUE_ET","SPEI_48","4",0.167583333115481,3
"US-Esm","WUE_ET","SPEI_48","5",0.25189866145227,4
"US-Esm","WUE_ET","SPEI_48","6",0.121189186430629,4
"US-Esm","WUE_T","SPEI_48","1",1.09376762415149,2
"US-Esm","WUE_T","SPEI_48","2",1.5125620937135,4
"US-Esm","WUE_T","SPEI_48","3",0.782364507742893,4
"US-Esm","WUE_T","SPEI_48","4",0.470477607856345,3
"US-Esm","WUE_T","SPEI_48","5",0.863263177228969,4
"US-Esm","WUE_T","SPEI_48","6",0.435262544581752,4
"US-Fo1","WUE_ET","SPEI_48","6",2.47977149988446,1
"US-Fo1","WUE_ET","SPEI_48","7",5.73453052597967,1
"US-Fo1","WUE_ET","SPEI_48","8",7.5810391095704,2
"US-Fo1","WUE_T","SPEI_48","6",3.83916790811181,1
"US-Fo1","WUE_T","SPEI_48","7",18.9663501300236,1
"US-Fo1","WUE_T","SPEI_48","8",28.4501756240376,2
"US-GCE","WUE_ET","SPEI_48","2",0.80099182410913,2
"US-GCE","WUE_ET","SPEI_48","3",0.668119141680832,2
"US-GCE","WUE_ET","SPEI_48","4",0.866407997604641,3
"US-GCE","WUE_ET","SPEI_48","5",0.69216121804641,2
"US-GCE","WUE_ET","SPEI_48","6",0.919057632369836,1
"US-GCE","WUE_ET","SPEI_48","7",1.0881199898524,1
"US-GCE","WUE_ET","SPEI_48","8",0.590587709874722,2
"US-GCE","WUE_ET","SPEI_48","9",0.647253286500477,2
"US-GCE","WUE_ET","SPEI_48","10",0.303440127022417,1
"US-GCE","WUE_T","SPEI_48","2",1.69773466017601,2
"US-GCE","WUE_T","SPEI_48","3",1.1879127769753,2
"US-GCE","WUE_T","SPEI_48","4",1.30214162598406,3
"US-GCE","WUE_T","SPEI_48","5",0.997142679847075,2
"US-GCE","WUE_T","SPEI_48","6",1.25062714793909,1
"US-GCE","WUE_T","SPEI_48","7",2.01121839124688,1
"US-GCE","WUE_T","SPEI_48","8",0.966716591967331,2
"US-GCE","WUE_T","SPEI_48","9",1.0513088743368,2
"US-GCE","WUE_T","SPEI_48","10",0.590824045541042,1
"US-HB1","WUE_ET","SPEI_48","4",0.893443048019743,3
"US-HB1","WUE_ET","SPEI_48","5",1.09901343186051,2
"US-HB1","WUE_ET","SPEI_48","6",1.10774310190712,3
"US-HB1","WUE_ET","SPEI_48","7",1.16283171459129,2
"US-HB1","WUE_ET","SPEI_48","8",1.12560310836922,2
"US-HB1","WUE_ET","SPEI_48","9",1.00596272632607,3
"US-HB1","WUE_ET","SPEI_48","10",1.22988042359242,2
"US-HB1","WUE_T","SPEI_48","4",1.45662756000339,3
"US-HB1","WUE_T","SPEI_48","5",1.78114497484862,2
"US-HB1","WUE_T","SPEI_48","6",1.8358625981982,3
"US-HB1","WUE_T","SPEI_48","7",1.99877126867442,2
"US-HB1","WUE_T","SPEI_48","8",2.19699572319064,2
"US-HB1","WUE_T","SPEI_48","9",1.75722682485507,3
"US-HB1","WUE_T","SPEI_48","10",2.35532575854742,2
"US-HB2","WUE_ET","SPEI_48","3",2.35305264122848,3
"US-HB2","WUE_ET","SPEI_48","4",2.212807535368,3
"US-HB2","WUE_ET","SPEI_48","5",2.40538530194218,1
"US-HB2","WUE_ET","SPEI_48","6",2.19678188162586,2
"US-HB2","WUE_ET","SPEI_48","7",2.40202292879498,1
"US-HB2","WUE_ET","SPEI_48","8",2.40833392363831,1
"US-HB2","WUE_ET","SPEI_48","9",2.33622288695167,2
"US-HB2","WUE_ET","SPEI_48","10",2.38212421711679,3
"US-HB2","WUE_T","SPEI_48","3",3.70792139754324,3
"US-HB2","WUE_T","SPEI_48","4",3.4914715407412,3
"US-HB2","WUE_T","SPEI_48","5",3.97234765393266,1
"US-HB2","WUE_T","SPEI_48","6",3.22598264068624,2
"US-HB2","WUE_T","SPEI_48","7",3.64423203123561,1
"US-HB2","WUE_T","SPEI_48","8",3.66466106997218,1
"US-HB2","WUE_T","SPEI_48","9",3.36115025557793,2
"US-HB2","WUE_T","SPEI_48","10",3.65954370042949,3
"US-HB3","WUE_ET","SPEI_48","4",2.89075869106229,3
"US-HB3","WUE_ET","SPEI_48","5",2.97717970270926,1
"US-HB3","WUE_ET","SPEI_48","6",2.73988348984368,2
"US-HB3","WUE_ET","SPEI_48","7",2.685192074729,1
"US-HB3","WUE_ET","SPEI_48","8",2.65001377203203,1
"US-HB3","WUE_ET","SPEI_48","9",2.73642496873769,2
"US-HB3","WUE_ET","SPEI_48","10",2.8103112818726,2
"US-HB3","WUE_T","SPEI_48","4",4.42247587979113,3
"US-HB3","WUE_T","SPEI_48","5",4.53237462385236,1
"US-HB3","WUE_T","SPEI_48","6",3.82345021484411,2
"US-HB3","WUE_T","SPEI_48","7",3.63196820959775,1
"US-HB3","WUE_T","SPEI_48","8",3.71675843908899,1
"US-HB3","WUE_T","SPEI_48","9",3.6497874411591,2
"US-HB3","WUE_T","SPEI_48","10",4.19283826532693,2
"US-KPL","WUE_ET","SPEI_48","6",1.62823054875426,2
"US-KPL","WUE_ET","SPEI_48","7",2.98510469162584,2
"US-KPL","WUE_ET","SPEI_48","8",2.49946705762815,1
"US-KPL","WUE_T","SPEI_48","6",3.5860377440892,2
"US-KPL","WUE_T","SPEI_48","7",7.26010615085936,2
"US-KPL","WUE_T","SPEI_48","8",5.24180021852055,1
"US-KS1","WUE_ET","SPEI_48","4",2.37551232004796,1
"US-KS1","WUE_ET","SPEI_48","5",1.99302181699428,1
"US-KS1","WUE_ET","SPEI_48","6",3.27605231040652,1
"US-KS1","WUE_ET","SPEI_48","7",2.87152127719913,1
"US-KS1","WUE_ET","SPEI_48","8",1.85088984450094,1
"US-KS1","WUE_ET","SPEI_48","9",1.8234245287404,1
"US-KS1","WUE_ET","SPEI_48","10",2.99606117130693,1
"US-KS1","WUE_ET","SPEI_48","11",2.81668890332174,1
"US-KS1","WUE_T","SPEI_48","4",3.64667445883325,1
"US-KS1","WUE_T","SPEI_48","5",3.12167126417718,1
"US-KS1","WUE_T","SPEI_48","6",6.39468417362462,1
"US-KS1","WUE_T","SPEI_48","7",4.85210505306993,1
"US-KS1","WUE_T","SPEI_48","8",2.92044983369787,1
"US-KS1","WUE_T","SPEI_48","9",2.46954670444233,1
"US-KS1","WUE_T","SPEI_48","10",4.38481556921852,1
"US-KS1","WUE_T","SPEI_48","11",4.15764894118229,1
"US-KS2","WUE_ET","SPEI_48","4",2.57372645543116,6
"US-KS2","WUE_ET","SPEI_48","5",2.65560622883125,6
"US-KS2","WUE_ET","SPEI_48","6",2.25921696029578,6
"US-KS2","WUE_ET","SPEI_48","7",2.20901900324813,7
"US-KS2","WUE_ET","SPEI_48","8",1.96561703451555,7
"US-KS2","WUE_ET","SPEI_48","9",2.19872949267124,7
"US-KS2","WUE_ET","SPEI_48","10",2.68316415761796,5
"US-KS2","WUE_T","SPEI_48","4",3.62622761610503,6
"US-KS2","WUE_T","SPEI_48","5",3.59407275997285,6
"US-KS2","WUE_T","SPEI_48","6",3.14203044009655,6
"US-KS2","WUE_T","SPEI_48","7",2.90089737850842,7
"US-KS2","WUE_T","SPEI_48","8",2.71364550705178,7
"US-KS2","WUE_T","SPEI_48","9",3.43963687163564,7
"US-KS2","WUE_T","SPEI_48","10",3.95862085104597,5
"US-KS4","WUE_ET","SPEI_48","3",1.43963009238513,1
"US-KS4","WUE_ET","SPEI_48","4",2.3286612523255,1
"US-KS4","WUE_ET","SPEI_48","5",2.97828560030015,1
"US-KS4","WUE_ET","SPEI_48","6",2.15635063762058,1
"US-KS4","WUE_ET","SPEI_48","7",2.01413936900852,1
"US-KS4","WUE_ET","SPEI_48","9",2.10417206371144,1
"US-KS4","WUE_T","SPEI_48","3",7.02486638082036,1
"US-KS4","WUE_T","SPEI_48","4",14.5899866077466,1
"US-KS4","WUE_T","SPEI_48","5",12.1586400118096,1
"US-KS4","WUE_T","SPEI_48","6",6.72016914877001,1
"US-KS4","WUE_T","SPEI_48","7",10.4131493084255,1
"US-KS4","WUE_T","SPEI_48","9",7.28338229116339,1
"US-LA2","WUE_ET","SPEI_48","3",0.931432402394904,2
"US-LA2","WUE_ET","SPEI_48","4",2.86017418967598,4
"US-LA2","WUE_ET","SPEI_48","5",3.09431122687541,4
"US-LA2","WUE_ET","SPEI_48","6",2.96976945285369,4
"US-LA2","WUE_ET","SPEI_48","7",3.14173655224504,4
"US-LA2","WUE_ET","SPEI_48","8",2.37989774555235,5
"US-LA2","WUE_ET","SPEI_48","9",2.07076214202194,5
"US-LA2","WUE_ET","SPEI_48","10",2.05302817568769,5
"US-LA2","WUE_T","SPEI_48","3",1.92313476351382,2
"US-LA2","WUE_T","SPEI_48","4",4.64771633318819,4
"US-LA2","WUE_T","SPEI_48","5",4.70965049194991,4
"US-LA2","WUE_T","SPEI_48","6",4.45557480868645,4
"US-LA2","WUE_T","SPEI_48","7",5.55751057254505,4
"US-LA2","WUE_T","SPEI_48","8",4.26464058991842,5
"US-LA2","WUE_T","SPEI_48","9",3.29435255765712,5
"US-LA2","WUE_T","SPEI_48","10",3.90720742240332,5
"US-LA3","WUE_ET","SPEI_48","3",2.54620616142363,3
"US-LA3","WUE_ET","SPEI_48","4",2.26556771046111,3
"US-LA3","WUE_ET","SPEI_48","5",2.31060824717327,3
"US-LA3","WUE_ET","SPEI_48","6",2.36613748519054,4
"US-LA3","WUE_ET","SPEI_48","7",2.37596541783897,4
"US-LA3","WUE_ET","SPEI_48","8",2.49540761484504,3
"US-LA3","WUE_ET","SPEI_48","9",2.03273103334622,1
"US-LA3","WUE_ET","SPEI_48","10",1.76681616899471,1
"US-LA3","WUE_T","SPEI_48","3",5.33501757983963,3
"US-LA3","WUE_T","SPEI_48","4",4.07858513532113,3
"US-LA3","WUE_T","SPEI_48","5",4.08107956338784,3
"US-LA3","WUE_T","SPEI_48","6",4.27876586867356,4
"US-LA3","WUE_T","SPEI_48","7",4.91753518268543,4
"US-LA3","WUE_T","SPEI_48","8",4.26454475559629,3
"US-LA3","WUE_T","SPEI_48","9",4.31810137573226,1
"US-LA3","WUE_T","SPEI_48","10",5.78298810880976,1
"US-MCP","WUE_ET","SPEI_48","3",2.52767090292335,2
"US-MCP","WUE_ET","SPEI_48","4",3.1102864604257,2
"US-MCP","WUE_ET","SPEI_48","5",4.7047095200503,2
"US-MCP","WUE_ET","SPEI_48","6",4.75388487567538,3
"US-MCP","WUE_ET","SPEI_48","7",5.32389524436133,3
"US-MCP","WUE_ET","SPEI_48","8",4.46273598825727,3
"US-MCP","WUE_ET","SPEI_48","9",4.37624931831204,3
"US-MCP","WUE_T","SPEI_48","3",5.60444164057696,2
"US-MCP","WUE_T","SPEI_48","4",6.61749451317973,2
"US-MCP","WUE_T","SPEI_48","5",8.48328005059095,2
"US-MCP","WUE_T","SPEI_48","6",8.25800320623835,3
"US-MCP","WUE_T","SPEI_48","7",9.11762084067655,3
"US-MCP","WUE_T","SPEI_48","8",7.3956217043568,3
"US-MCP","WUE_T","SPEI_48","9",6.79258670856147,3
"US-MRf","WUE_ET","SPEI_48","3",5.91439135899709,4
"US-MRf","WUE_ET","SPEI_48","4",5.81661551578172,4
"US-MRf","WUE_ET","SPEI_48","5",6.38744792661628,5
"US-MRf","WUE_ET","SPEI_48","6",6.47162879223465,5
"US-MRf","WUE_ET","SPEI_48","7",5.00112941353447,5
"US-MRf","WUE_ET","SPEI_48","8",5.56989230002525,6
"US-MRf","WUE_ET","SPEI_48","9",4.4121385081938,5
"US-MRf","WUE_ET","SPEI_48","10",5.61773570898458,4
"US-MRf","WUE_T","SPEI_48","3",9.88881380838274,4
"US-MRf","WUE_T","SPEI_48","4",9.47830163410558,4
"US-MRf","WUE_T","SPEI_48","5",9.84730182769606,5
"US-MRf","WUE_T","SPEI_48","6",10.149931394285,5
"US-MRf","WUE_T","SPEI_48","7",6.93036214160543,5
"US-MRf","WUE_T","SPEI_48","8",8.2144238693028,6
"US-MRf","WUE_T","SPEI_48","9",7.42955123012441,5
"US-MRf","WUE_T","SPEI_48","10",9.29068630302089,4
"US-Myb","WUE_ET","SPEI_48","5",1.49024252540651,7
"US-Myb","WUE_ET","SPEI_48","6",1.68942123684195,7
"US-Myb","WUE_ET","SPEI_48","7",1.7259064081639,6
"US-Myb","WUE_ET","SPEI_48","8",1.72861881943644,6
"US-Myb","WUE_ET","SPEI_48","9",1.45651295936944,7
"US-Myb","WUE_ET","SPEI_48","10",1.33134316601123,7
"US-Myb","WUE_T","SPEI_48","5",2.47965682487749,7
"US-Myb","WUE_T","SPEI_48","6",2.58149204345068,7
"US-Myb","WUE_T","SPEI_48","7",2.53822725227502,6
"US-Myb","WUE_T","SPEI_48","8",2.6451226746057,6
"US-Myb","WUE_T","SPEI_48","9",2.54514784267579,7
"US-Myb","WUE_T","SPEI_48","10",2.61465770738012,7
"US-NC4","WUE_ET","SPEI_48","4",1.76599055034905,5
"US-NC4","WUE_ET","SPEI_48","5",2.44479886440467,4
"US-NC4","WUE_ET","SPEI_48","6",2.57552218382934,4
"US-NC4","WUE_ET","SPEI_48","7",2.17391065152186,5
"US-NC4","WUE_ET","SPEI_48","8",2.21990751219501,6
"US-NC4","WUE_ET","SPEI_48","9",1.82603447772885,6
"US-NC4","WUE_T","SPEI_48","4",2.916076976492,5
"US-NC4","WUE_T","SPEI_48","5",3.37974336708256,4
"US-NC4","WUE_T","SPEI_48","6",3.50931310401522,4
"US-NC4","WUE_T","SPEI_48","7",3.09197260729669,5
"US-NC4","WUE_T","SPEI_48","8",3.16500534230585,6
"US-NC4","WUE_T","SPEI_48","9",2.76649810095075,6
"US-NGC","WUE_ET","SPEI_48","5",2.04251152540733,1
"US-NGC","WUE_ET","SPEI_48","6",1.96996818512051,1
"US-NGC","WUE_ET","SPEI_48","7",2.88285879214208,1
"US-NGC","WUE_ET","SPEI_48","8",2.97211346635419,1
"US-NGC","WUE_T","SPEI_48","5",6.75354295066867,1
"US-NGC","WUE_T","SPEI_48","6",5.39872920827763,1
"US-NGC","WUE_T","SPEI_48","7",6.35452942554922,1
"US-NGC","WUE_T","SPEI_48","8",7.20732090412,1
"US-ONA","WUE_ET","SPEI_48","3",2.33279972104274,4
"US-ONA","WUE_ET","SPEI_48","4",2.08114421018057,5
"US-ONA","WUE_ET","SPEI_48","5",1.74770697497723,6
"US-ONA","WUE_ET","SPEI_48","6",1.72686292370227,6
"US-ONA","WUE_ET","SPEI_48","7",1.83952802982482,6
"US-ONA","WUE_ET","SPEI_48","8",1.83199808068711,6
"US-ONA","WUE_ET","SPEI_48","9",1.81272676361874,7
"US-ONA","WUE_T","SPEI_48","3",6.20809215163327,4
"US-ONA","WUE_T","SPEI_48","4",5.02312035725413,5
"US-ONA","WUE_T","SPEI_48","5",4.09874971278277,6
"US-ONA","WUE_T","SPEI_48","6",3.72636901238118,6
"US-ONA","WUE_T","SPEI_48","7",3.66385188418143,6
"US-ONA","WUE_T","SPEI_48","8",3.34332148475075,6
"US-ONA","WUE_T","SPEI_48","9",3.49539666340121,7
"US-OPE","WUE_ET","SPEI_48","7",4.70109786903502,1
"US-OPE","WUE_ET","SPEI_48","8",4.70785385302411,1
"US-OPE","WUE_ET","SPEI_48","9",4.12341828350214,1
"US-OPE","WUE_T","SPEI_48","7",7.888262894403,1
"US-OPE","WUE_T","SPEI_48","8",7.51480198170129,1
"US-OPE","WUE_T","SPEI_48","9",8.08000821067392,1
"US-PAS","WUE_ET","SPEI_48","5",3.06627036584796,2
"US-PAS","WUE_ET","SPEI_48","6",3.271617346846,1
"US-PAS","WUE_ET","SPEI_48","7",3.8386891284583,1
"US-PAS","WUE_ET","SPEI_48","8",3.35980542617045,1
"US-PAS","WUE_ET","SPEI_48","9",2.82318278123847,2
"US-PAS","WUE_ET","SPEI_48","10",2.62142866647137,2
"US-PAS","WUE_T","SPEI_48","5",4.95682540750742,2
"US-PAS","WUE_T","SPEI_48","6",4.7691992777074,1
"US-PAS","WUE_T","SPEI_48","7",6.31166131081145,1
"US-PAS","WUE_T","SPEI_48","8",6.41060727540332,1
"US-PAS","WUE_T","SPEI_48","9",6.188150660991,2
"US-PAS","WUE_T","SPEI_48","10",5.58744418126679,2
"US-PHM","WUE_ET","SPEI_48","5",1.36712543525043,3
"US-PHM","WUE_ET","SPEI_48","6",1.70682355406152,6
"US-PHM","WUE_ET","SPEI_48","7",2.02682787237229,5
"US-PHM","WUE_ET","SPEI_48","8",1.82190409311429,4
"US-PHM","WUE_ET","SPEI_48","9",1.62897099186096,4
"US-PHM","WUE_T","SPEI_48","5",2.41664184264061,3
"US-PHM","WUE_T","SPEI_48","6",2.55089487458548,6
"US-PHM","WUE_T","SPEI_48","7",2.78313090518358,5
"US-PHM","WUE_T","SPEI_48","8",2.63732676490706,4
"US-PHM","WUE_T","SPEI_48","9",2.63376963022898,4
"US-RRC","WUE_ET","SPEI_48","4",0.794620169291262,2
"US-RRC","WUE_ET","SPEI_48","5",1.75106723302688,3
"US-RRC","WUE_ET","SPEI_48","6",1.81362460670506,3
"US-RRC","WUE_ET","SPEI_48","7",2.05619302092434,4
"US-RRC","WUE_ET","SPEI_48","8",1.91330042262056,3
"US-RRC","WUE_ET","SPEI_48","9",1.39088363915376,4
"US-RRC","WUE_T","SPEI_48","4",1.15296314051293,2
"US-RRC","WUE_T","SPEI_48","5",2.19775389012002,3
"US-RRC","WUE_T","SPEI_48","6",2.13785861288276,3
"US-RRC","WUE_T","SPEI_48","7",2.46320883284639,4
"US-RRC","WUE_T","SPEI_48","8",2.22274342459233,3
"US-RRC","WUE_T","SPEI_48","9",1.79792842514185,4
"US-SCg","WUE_ET","SPEI_48","2",2.60176838599352,6
"US-SCg","WUE_ET","SPEI_48","3",2.67782178636214,7
"US-SCg","WUE_ET","SPEI_48","4",2.49423720263377,5
"US-SCg","WUE_ET","SPEI_48","5",0.565113400619368,1
"US-SCg","WUE_T","SPEI_48","2",10.8600128793989,6
"US-SCg","WUE_T","SPEI_48","3",11.3273179486856,7
"US-SCg","WUE_T","SPEI_48","4",8.50143278545226,5
"US-SCg","WUE_T","SPEI_48","5",1.44965936307932,1
"US-SCs","WUE_ET","SPEI_48","3",4.28684888151651,4
"US-SCs","WUE_ET","SPEI_48","4",3.49363270237172,4
"US-SCs","WUE_ET","SPEI_48","5",4.2197373864255,2
"US-SCs","WUE_ET","SPEI_48","6",3.60012482745638,2
"US-SCs","WUE_T","SPEI_48","3",10.2593527531447,4
"US-SCs","WUE_T","SPEI_48","4",10.7340706923931,4
"US-SCs","WUE_T","SPEI_48","5",7.5251820591801,2
"US-SCs","WUE_T","SPEI_48","6",8.47637483486628,2
"US-Skr","WUE_ET","SPEI_48","2",1.90051668265645,5
"US-Skr","WUE_ET","SPEI_48","3",1.78917021152902,6
"US-Skr","WUE_ET","SPEI_48","4",1.95654159102962,7
"US-Skr","WUE_ET","SPEI_48","5",2.14476068080829,6
"US-Skr","WUE_ET","SPEI_48","6",1.58088219197085,6
"US-Skr","WUE_ET","SPEI_48","7",1.5838076799275,7
"US-Skr","WUE_ET","SPEI_48","8",1.43086190196944,8
"US-Skr","WUE_ET","SPEI_48","9",1.3805376651587,8
"US-Skr","WUE_ET","SPEI_48","10",1.50847332996837,6
"US-Skr","WUE_T","SPEI_48","2",2.86373834333062,5
"US-Skr","WUE_T","SPEI_48","3",2.49324201346308,6
"US-Skr","WUE_T","SPEI_48","4",2.74004629749497,7
"US-Skr","WUE_T","SPEI_48","5",3.04817675523901,6
"US-Skr","WUE_T","SPEI_48","6",2.34810309442236,6
"US-Skr","WUE_T","SPEI_48","7",2.50723284424149,7
"US-Skr","WUE_T","SPEI_48","8",2.05456841184265,8
"US-Skr","WUE_T","SPEI_48","9",1.9648140908077,8
"US-Skr","WUE_T","SPEI_48","10",2.12936848182932,6
"US-Slt","WUE_ET","SPEI_48","5",1.85376787006008,11
"US-Slt","WUE_ET","SPEI_48","6",1.97905755510302,11
"US-Slt","WUE_ET","SPEI_48","7",1.87092612308224,11
"US-Slt","WUE_ET","SPEI_48","8",1.82892364491877,12
"US-Slt","WUE_ET","SPEI_48","9",1.76031760256102,11
"US-Slt","WUE_T","SPEI_48","5",2.37232300192326,11
"US-Slt","WUE_T","SPEI_48","6",2.50896218415104,11
"US-Slt","WUE_T","SPEI_48","7",2.33865845719307,11
"US-Slt","WUE_T","SPEI_48","8",2.41750801240669,12
"US-Slt","WUE_T","SPEI_48","9",2.31696169592268,11
"US-Snd","WUE_ET","SPEI_48","3",2.2885778038747,6
"US-Snd","WUE_ET","SPEI_48","4",2.37098347524877,7
"US-Snd","WUE_ET","SPEI_48","5",2.28962293339427,8
"US-Snd","WUE_ET","SPEI_48","6",1.98821838673033,8
"US-Snd","WUE_ET","SPEI_48","7",1.86387245260309,7
"US-Snd","WUE_ET","SPEI_48","8",1.92670950864682,7
"US-Snd","WUE_ET","SPEI_48","9",1.90411639050969,8
"US-Snd","WUE_T","SPEI_48","3",3.69995909709777,6
"US-Snd","WUE_T","SPEI_48","4",3.70807030253175,7
"US-Snd","WUE_T","SPEI_48","5",3.86484128076084,8
"US-Snd","WUE_T","SPEI_48","6",3.79280630019641,8
"US-Snd","WUE_T","SPEI_48","7",3.66523099888805,7
"US-Snd","WUE_T","SPEI_48","8",3.93575557906903,7
"US-Snd","WUE_T","SPEI_48","9",3.9903041648395,8
"US-Sne","WUE_ET","SPEI_48","6",1.73517401794317,1
"US-Sne","WUE_T","SPEI_48","6",3.16584306093757,1
"US-SO2","WUE_ET","SPEI_48","4",1.37882455176719,6
"US-SO2","WUE_ET","SPEI_48","5",1.88765702957643,7
"US-SO2","WUE_ET","SPEI_48","6",1.72666876930516,6
"US-SO2","WUE_ET","SPEI_48","7",1.25561278572205,5
"US-SO2","WUE_ET","SPEI_48","8",1.16619150782425,2
"US-SO2","WUE_T","SPEI_48","4",5.06237390892774,6
"US-SO2","WUE_T","SPEI_48","5",5.37865895762476,7
"US-SO2","WUE_T","SPEI_48","6",8.72977222020597,6
"US-SO2","WUE_T","SPEI_48","7",8.24253528253725,5
"US-SO2","WUE_T","SPEI_48","8",4.93352248767907,2
"US-SO3","WUE_ET","SPEI_48","3",0.584514087221972,6
"US-SO3","WUE_ET","SPEI_48","4",0.849432060858241,6
"US-SO3","WUE_ET","SPEI_48","5",0.972985596892586,4
"US-SO3","WUE_ET","SPEI_48","6",0.680160300882586,2
"US-SO3","WUE_ET","SPEI_48","7",0.668483719381555,3
"US-SO3","WUE_T","SPEI_48","3",2.50355464215956,6
"US-SO3","WUE_T","SPEI_48","4",3.13468476829732,6
"US-SO3","WUE_T","SPEI_48","5",4.49709229875867,4
"US-SO3","WUE_T","SPEI_48","6",2.97765331272493,2
"US-SO3","WUE_T","SPEI_48","7",4.43623512983466,3
"US-SO4","WUE_ET","SPEI_48","4",1.76373753490931,3
"US-SO4","WUE_ET","SPEI_48","5",1.70571043379475,2
"US-SO4","WUE_ET","SPEI_48","6",2.11799244201234,1
"US-SO4","WUE_ET","SPEI_48","7",1.2815719391836,1
"US-SO4","WUE_ET","SPEI_48","8",0.914114741451497,1
"US-SO4","WUE_T","SPEI_48","4",10.9332712261188,3
"US-SO4","WUE_T","SPEI_48","5",8.83682619145855,2
"US-SO4","WUE_T","SPEI_48","6",17.9173349842262,1
"US-SO4","WUE_T","SPEI_48","7",10.8264164672113,1
"US-SO4","WUE_T","SPEI_48","8",3.57786617226737,1
"US-StJ","WUE_ET","SPEI_48","5",3.247331200631,5
"US-StJ","WUE_ET","SPEI_48","6",3.48576685861019,5
"US-StJ","WUE_ET","SPEI_48","7",4.19941519013108,5
"US-StJ","WUE_ET","SPEI_48","8",4.07112794942199,5
"US-StJ","WUE_ET","SPEI_48","9",3.86027956520629,5
"US-StJ","WUE_T","SPEI_48","5",7.21118227232107,5
"US-StJ","WUE_T","SPEI_48","6",5.55747246303461,5
"US-StJ","WUE_T","SPEI_48","7",6.53492732552212,5
"US-StJ","WUE_T","SPEI_48","8",6.943380640605,5
"US-StJ","WUE_T","SPEI_48","9",8.36695536722426,5
"US-StS","WUE_ET","SPEI_48","6",1.7232397746144,1
"US-StS","WUE_ET","SPEI_48","7",1.50200595103047,1
"US-StS","WUE_ET","SPEI_48","8",1.60036604171278,1
"US-StS","WUE_T","SPEI_48","6",2.34272970072795,1
"US-StS","WUE_T","SPEI_48","7",2.06197071464048,1
"US-StS","WUE_T","SPEI_48","8",2.11822320189961,1
"US-TaS","WUE_ET","SPEI_48","4",0.774202159886014,2
"US-TaS","WUE_ET","SPEI_48","5",0.83757187123584,2
"US-TaS","WUE_ET","SPEI_48","8",0.581369248142613,1
"US-TaS","WUE_T","SPEI_48","4",3.61734557665061,2
"US-TaS","WUE_T","SPEI_48","5",3.72800753598517,2
"US-TaS","WUE_T","SPEI_48","8",2.95317875449676,1
"US-Tw1","WUE_ET","SPEI_48","6",1.5707406345154,4
"US-Tw1","WUE_ET","SPEI_48","7",1.76155665991035,6
"US-Tw1","WUE_ET","SPEI_48","8",1.90869490479829,7
"US-Tw1","WUE_ET","SPEI_48","9",1.81963802259403,8
"US-Tw1","WUE_ET","SPEI_48","10",1.77197976965022,8
"US-Tw1","WUE_T","SPEI_48","6",3.98484256883883,4
"US-Tw1","WUE_T","SPEI_48","7",3.04287955847808,6
"US-Tw1","WUE_T","SPEI_48","8",2.87000338635499,7
"US-Tw1","WUE_T","SPEI_48","9",3.20766575050801,8
"US-Tw1","WUE_T","SPEI_48","10",3.91471629736963,8
"US-Tw2","WUE_ET","SPEI_48","5",8.49181158094632,1
"US-Tw2","WUE_ET","SPEI_48","7",2.50579361854645,1
"US-Tw2","WUE_ET","SPEI_48","8",3.58129048323369,1
"US-Tw2","WUE_ET","SPEI_48","9",2.85084076184559,1
"US-Tw2","WUE_T","SPEI_48","5",35.0486559538897,1
"US-Tw2","WUE_T","SPEI_48","7",4.38834794323656,1
"US-Tw2","WUE_T","SPEI_48","8",5.54061319559454,1
"US-Tw2","WUE_T","SPEI_48","9",6.68225601865057,1
"US-Tw3","WUE_ET","SPEI_48","3",2.39317630370175,2
"US-Tw3","WUE_ET","SPEI_48","4",2.89069642613595,2
"US-Tw3","WUE_ET","SPEI_48","5",2.63105606442871,2
"US-Tw3","WUE_ET","SPEI_48","6",2.14266511711643,2
"US-Tw3","WUE_ET","SPEI_48","7",2.16028380019501,2
"US-Tw3","WUE_ET","SPEI_48","8",1.97266610543974,2
"US-Tw3","WUE_ET","SPEI_48","9",2.61314877661271,3
"US-Tw3","WUE_T","SPEI_48","3",3.94935304220484,2
"US-Tw3","WUE_T","SPEI_48","4",4.39298379410579,2
"US-Tw3","WUE_T","SPEI_48","5",4.00837264934192,2
"US-Tw3","WUE_T","SPEI_48","6",3.78629712088705,2
"US-Tw3","WUE_T","SPEI_48","7",3.59023902379489,2
"US-Tw3","WUE_T","SPEI_48","8",3.69289027413997,2
"US-Tw3","WUE_T","SPEI_48","9",4.50228037809282,3
"US-Tw4","WUE_ET","SPEI_48","5",1.54886333076215,3
"US-Tw4","WUE_ET","SPEI_48","6",1.73981855811713,4
"US-Tw4","WUE_ET","SPEI_48","7",1.785116431649,4
"US-Tw4","WUE_ET","SPEI_48","8",2.00280180342034,4
"US-Tw4","WUE_ET","SPEI_48","9",1.82855908495806,5
"US-Tw4","WUE_ET","SPEI_48","10",2.02541739015435,4
"US-Tw4","WUE_T","SPEI_48","5",4.09199125470028,3
"US-Tw4","WUE_T","SPEI_48","6",3.89275781751462,4
"US-Tw4","WUE_T","SPEI_48","7",3.10110811909968,4
"US-Tw4","WUE_T","SPEI_48","8",3.35711518004723,4
"US-Tw4","WUE_T","SPEI_48","9",3.93435632685852,5
"US-Tw4","WUE_T","SPEI_48","10",4.50417593622675,4
"US-Twt","WUE_ET","SPEI_48","6",1.11707864689093,7
"US-Twt","WUE_ET","SPEI_48","7",1.75845063870636,6
"US-Twt","WUE_ET","SPEI_48","8",2.26453124184832,6
"US-Twt","WUE_ET","SPEI_48","9",1.75193080004955,7
"US-Twt","WUE_T","SPEI_48","6",2.11856774228875,7
"US-Twt","WUE_T","SPEI_48","7",2.892606929107,6
"US-Twt","WUE_T","SPEI_48","8",3.46236859655024,6
"US-Twt","WUE_T","SPEI_48","9",2.9320950739762,7
"US-Upa","WUE_ET","SPEI_48","6",0.377497543968814,1
"US-Upa","WUE_ET","SPEI_48","7",1.04334288479729,1
"US-Upa","WUE_ET","SPEI_48","8",0.859734057656621,1
"US-Upa","WUE_T","SPEI_48","6",0.848953435215791,1
"US-Upa","WUE_T","SPEI_48","7",3.13857582389652,1
"US-Upa","WUE_T","SPEI_48","8",2.36684540507787,1
"US-Wpp","WUE_ET","SPEI_48","4",3.87921267796709,1
"US-Wpp","WUE_ET","SPEI_48","5",4.24260466155082,1
"US-Wpp","WUE_ET","SPEI_48","6",2.69590207185593,1
"US-Wpp","WUE_ET","SPEI_48","7",2.28215689347007,1
"US-Wpp","WUE_ET","SPEI_48","8",2.2740414395012,1
"US-Wpp","WUE_T","SPEI_48","4",5.54941769615662,1
"US-Wpp","WUE_T","SPEI_48","5",5.77020128926907,1
"US-Wpp","WUE_T","SPEI_48","6",4.23522830524504,1
"US-Wpp","WUE_T","SPEI_48","7",7.38576566483596,1
"US-Wpp","WUE_T","SPEI_48","8",7.4810382926728,1
"US-xBA","WUE_ET","SPEI_48","5",3.14755559463656,1
"US-xBA","WUE_ET","SPEI_48","6",1.49245185918718,2
"US-xBA","WUE_ET","SPEI_48","7",0.633738940705848,1
"US-xBA","WUE_ET","SPEI_48","8",2.48652376178305,2
"US-xBA","WUE_T","SPEI_48","5",4.92930117177466,1
"US-xBA","WUE_T","SPEI_48","6",2.86357246580981,2
"US-xBA","WUE_T","SPEI_48","7",1.50838222621327,1
"US-xBA","WUE_T","SPEI_48","8",4.37974171659773,2
"US-xSB","WUE_ET","SPEI_48","3",1.82115965884724,1
"US-xSB","WUE_ET","SPEI_48","4",2.15979297967935,3
"US-xSB","WUE_ET","SPEI_48","5",2.3202383595145,1
"US-xSB","WUE_ET","SPEI_48","6",2.60241874148217,2
"US-xSB","WUE_ET","SPEI_48","7",2.51409653671364,2
"US-xSB","WUE_ET","SPEI_48","8",2.36434885890722,2
"US-xSB","WUE_ET","SPEI_48","9",2.17579702639012,2
"US-xSB","WUE_ET","SPEI_48","10",2.1841764059687,2
"US-xSB","WUE_T","SPEI_48","3",7.42172103865834,1
"US-xSB","WUE_T","SPEI_48","4",7.44544445095892,3
"US-xSB","WUE_T","SPEI_48","5",7.63082984434877,1
"US-xSB","WUE_T","SPEI_48","6",8.40483914957487,2
"US-xSB","WUE_T","SPEI_48","7",6.53257890845466,2
"US-xSB","WUE_T","SPEI_48","8",6.06746356387791,2
"US-xSB","WUE_T","SPEI_48","9",5.83931518697057,2
"US-xSB","WUE_T","SPEI_48","10",6.78965948530679,2
"US-xSE","WUE_ET","SPEI_48","4",2.44260441504767,2
"US-xSE","WUE_ET","SPEI_48","5",3.26148759748035,3
"US-xSE","WUE_ET","SPEI_48","6",1.65557140174006,5
"US-xSE","WUE_ET","SPEI_48","7",2.3480804961408,6
"US-xSE","WUE_ET","SPEI_48","8",2.39619312295761,4
"US-xSE","WUE_ET","SPEI_48","9",2.35786465398811,4
"US-xSE","WUE_ET","SPEI_48","10",2.58885347180054,4
"US-xSE","WUE_T","SPEI_48","4",7.46285736189399,2
"US-xSE","WUE_T","SPEI_48","5",5.43020443887562,3
"US-xSE","WUE_T","SPEI_48","6",2.48974217199693,5
"US-xSE","WUE_T","SPEI_48","7",3.47336341425319,6
"US-xSE","WUE_T","SPEI_48","8",3.6402871145846,4
"US-xSE","WUE_T","SPEI_48","9",3.95308000564316,4
"US-xSE","WUE_T","SPEI_48","10",5.07414779790549,4
