site_name,Year,month,salinity
US-EKH,1995,6,33.86071428571429
US-EKH,1995,7,34.4691527878349
US-EKH,1995,8,34.430385220125785
US-EKH,1996,5,32.734280879864635
US-EKH,1996,6,35.12091003820771
US-EKH,1996,7,36.639952248308795
US-EKH,1996,8,34.54473949579832
US-EKH,1997,5,28.122357311719014
US-EKH,1997,6,32.31141856392294
US-EKH,1997,7,32.689928789420144
US-EKH,1997,8,33.81623815967524
US-EKH,1998,5,31.12949494949495
US-EKH,1998,6,35.73184668989547
US-EKH,1998,7,31.672379032258064
US-EKH,1998,8,31.706562922868745
US-EKH,1999,5,33.92634408602151
US-EKH,1999,6,33.64805755395684
US-EKH,1999,7,34.42733333333333
US-EKH,1999,8,34.04825268817204
US-EKH,2000,5,33.690909090909095
US-EKH,2000,6,35.356335282651074
US-EKH,2000,7,35.16598150051387
US-EKH,2000,8,34.988896599583626
US-EKH,2001,5,34.23110667996012
US-EKH,2001,6,36.91820359281437
US-EKH,2001,7,35.594109772423025
US-EKH,2001,8,35.01939393939394
US-EKH,2002,5,34.758097165991906
US-EKH,2002,6,34.80571030640669
US-EKH,2002,7,36.69171428571428
US-EKH,2002,8,34.50529986052999
US-EKH,2003,5,31.868145161290325
US-EKH,2003,6,33.762430555555554
US-EKH,2003,7,35.45228494623656
US-EKH,2003,8,35.21626344086022
US-EKH,2004,5,36.047782258064515
US-EKH,2004,6,35.67611111111111
US-EKH,2004,7,35.07049731182796
US-EKH,2004,8,34.950537634408605
US-EKH,2005,5,33.58662634408602
US-EKH,2005,6,35.176319444444445
US-EKH,2005,7,33.98602150537634
US-EKH,2005,8,33.176933422999326
US-EKH,2006,5,32.17399193548387
US-EKH,2006,6,35.808749999999996
US-EKH,2006,7,37.406182795698925
US-EKH,2006,8,35.47379032258065
US-EKH,2007,5,33.866565860215054
US-EKH,2007,6,35.24190972222222
US-EKH,2007,7,34.84335664335664
US-EKH,2007,8,32.535633270321355
US-EKH,2008,5,32.112007874015745
US-EKH,2008,6,35.23972222222222
US-EKH,2008,7,33.25015873015873
US-EKH,2008,8,33.28602150537634
US-EKH,2009,5,35.1720310391363
US-EKH,2009,6,35.318958333333335
US-EKH,2009,7,36.323511566173686
US-EKH,2009,8,
US-EKH,2010,5,34.864270462633456
US-EKH,2010,6,36.65386656557998
US-EKH,2010,7,34.3251857968621
US-EKH,2010,8,34.292739495798315
US-EKH,2011,5,33.51223940820444
US-EKH,2011,6,34.49357092941999
US-EKH,2011,7,34.970934139784944
US-EKH,2011,8,35.570511096166776
US-EKH,2012,5,36.61208333333333
US-EKH,2012,6,35.21399791594304
US-EKH,2012,7,34.68219086021505
US-EKH,2012,8,35.30770265724857
US-EKH,2013,5,35.02970338983051
US-EKH,2013,6,34.81444573194284
US-EKH,2013,7,36.083249243188696
US-EKH,2013,8,35.320679117147705
US-EKH,2014,5,36.12342069892473
US-EKH,2014,6,35.74125
US-EKH,2014,7,34.78894489247312
US-EKH,2014,8,34.06831483350152
US-EKH,2015,5,35.54822429906542
US-EKH,2015,6,34.4625
US-EKH,2015,7,34.457820383451065
US-EKH,2015,8,32.826915322580646
US-EKH,2016,5,34.079032258064515
US-EKH,2016,6,35.232013888888886
US-EKH,2016,7,34.17436155913978
US-EKH,2016,8,32.73652553763441
US-EKH,2017,5,33.72426890756302
US-EKH,2017,6,36.03782563390066
US-EKH,2017,7,35.47856182795699
US-EKH,2017,8,35.59747983870968
US-EKH,2018,5,35.72056567593481
US-EKH,2018,6,35.40189910979228
US-EKH,2018,7,35.49295343137255
US-EKH,2018,8,35.343265993265994
US-EKH,2019,5,32.82429435483871
US-EKH,2019,6,33.10156739811912
US-EKH,2019,7,34.07815860215054
US-EKH,2019,8,34.900681492109044
US-EKH,2020,5,33.04087394957983
US-EKH,2020,6,31.015443037974688
US-EKH,2020,7,33.860470588235295
US-EKH,2020,8,34.75035294117647
US-EKH,2021,5,33.55730145175064
US-EKH,2021,6,35.20684027777778
US-EKH,2021,7,34.581922043010756
US-EKH,2021,8,35.039112903225806
US-EKH,2022,5,37.15730537586438
US-EKH,2022,6,36.91899305555555
US-EKH,2022,7,35.9594216078574
US-EKH,2022,8,35.42990261600153
US-EKH,2023,5,30.393188918975216
US-EKH,2023,6,31.860600798749786
US-EKH,2023,7,30.716694687289845
US-EKH,2023,8,34.84144537815126
US-EKH,2024,5,32.74443697478991
US-EKH,2024,6,35.17775460549183
US-EKH,2024,7,35.26124369747899
US-EKH,2024,8,34.73363575268817
US-EvM,1992,5,37.935483870967744
US-EvM,1992,6,30.566666666666666
US-EvM,1992,7,12.790322580645162
US-EvM,1992,8,20.161290322580644
US-EvM,1993,5,31.387096774193548
US-EvM,1993,6,25.633333333333333
US-EvM,1993,7,28.096774193548388
US-EvM,1993,8,29.451612903225808
US-EvM,1994,5,21.258064516129032
US-EvM,1994,6,24.566666666666666
US-EvM,1994,7,28.096774193548388
US-EvM,1994,8,26.258064516129032
US-EvM,1995,5,26.032258064516128
US-EvM,1995,6,26.142857142857142
US-EvM,1995,7,17.5
US-EvM,1995,8,15.316129032258065
US-EvM,1996,5,30.70967741935484
US-EvM,1996,6,26.2
US-EvM,1996,7,20.5
US-EvM,1996,8,22.93548387096774
US-EvM,1997,5,34.903225806451616
US-EvM,1997,6,24.333333333333332
US-EvM,1997,7,19.47741935483871
US-EvM,1997,8,21.419354838709676
US-EvM,1998,5,27.032258064516128
US-EvM,1998,6,27.666666666666668
US-EvM,1998,7,28.608695652173914
US-EvM,1998,8,26.73913043478261
US-EvM,1999,5,34.86206896551724
US-EvM,1999,6,29.0
US-EvM,1999,7,23.04
US-EvM,1999,8,27.387096774193548
US-EvM,2000,5,33.29032258064516
US-EvM,2000,6,29.566666666666666
US-EvM,2000,7,30.483870967741936
US-EvM,2000,8,26.483870967741936
US-EvM,2001,5,33.645161290322584
US-EvM,2001,6,35.8
US-EvM,2001,7,31.483870967741936
US-EvM,2001,8,26.967741935483872
US-EvM,2002,5,41.774193548387096
US-EvM,2002,6,38.0
US-EvM,2002,7,15.636363636363637
US-EvM,2002,8,21.193548387096776
US-EvM,2003,5,26.838709677419356
US-EvM,2003,6,23.533333333333335
US-EvM,2003,7,22.413793103448278
US-EvM,2003,8,24.096774193548388
US-EvM,2004,5,35.806451612903224
US-EvM,2004,6,39.833333333333336
US-EvM,2004,7,40.74193548387097
US-EvM,2004,8,35.724137931034484
US-EvM,2005,5,39.193548387096776
US-EvM,2005,6,30.466666666666665
US-EvM,2005,7,24.741935483870968
US-EvM,2005,8,25.274193548387096
US-EvM,2006,5,36.74193548387097
US-EvM,2006,6,35.8
US-EvM,2006,7,28.129032258064516
US-EvM,2006,8,26.580645161290324
US-EvM,2007,5,35.45161290322581
US-EvM,2007,6,30.833333333333332
US-EvM,2007,7,23.64516129032258
US-EvM,2007,8,25.838709677419356
US-EvM,2008,5,38.064516129032256
US-EvM,2008,6,35.93333333333333
US-EvM,2008,7,31.129032258064516
US-EvM,2008,8,30.129032258064516
US-EvM,2009,5,
US-EvM,2009,6,
US-EvM,2009,7,28.32
US-EvM,2009,8,26.322580645161292
US-EvM,2010,5,28.956521739130434
US-EvM,2010,6,30.22222222222222
US-EvM,2010,7,29.7
US-EvM,2010,8,29.677419354838708
US-EvM,2011,5,38.12903225806452
US-EvM,2011,6,41.166666666666664
US-EvM,2011,7,34.096774193548384
US-EvM,2011,8,36.61290322580645
US-EvM,2012,5,22.903225806451612
US-EvM,2012,6,22.333333333333332
US-EvM,2012,7,15.03225806451613
US-EvM,2012,8,16.04193548387097
US-EvM,2013,5,35.61290322580645
US-EvM,2013,6,25.066666666666666
US-EvM,2013,7,25.0
US-EvM,2013,8,23.68
US-EvM,2014,5,38.096774193548384
US-EvM,2014,6,40.73076923076923
US-EvM,2014,7,40.875
US-EvM,2014,8,32.791666666666664
US-EvM,2015,5,33.29032258064516
US-EvM,2015,6,36.266666666666666
US-EvM,2015,7,40.70967741935484
US-EvM,2015,8,42.61290322580645
US-EvM,2016,5,
US-EvM,2016,6,
US-EvM,2016,7,
US-EvM,2016,8,
US-EvM,2017,5,38.354838709677416
US-EvM,2017,6,30.566666666666666
US-EvM,2017,7,27.35483870967742
US-EvM,2017,8,27.071428571428573
US-EvM,2018,5,34.03225806451613
US-EvM,2018,6,27.366666666666667
US-EvM,2018,7,26.483870967741936
US-EvM,2018,8,24.70967741935484
US-EvM,2019,5,40.83870967741935
US-EvM,2019,6,36.8
US-EvM,2019,7,34.0
US-EvM,2019,8,35.32258064516129
US-EvM,2020,5,38.03225806451613
US-EvM,2020,6,27.433333333333334
US-EvM,2020,7,27.193548387096776
US-EvM,2020,8,25.64516129032258
US-EvM,2021,5,33.25806451612903
US-EvM,2021,6,36.266666666666666
US-EvM,2021,7,35.096774193548384
US-EvM,2021,8,30.387096774193548
US-EvM,2022,5,36.87096774193548
US-EvM,2022,6,23.866666666666667
US-EvM,2022,7,22.677419354838708
US-EvM,2022,8,28.483870967741936
US-EvM,2023,5,32.87096774193548
US-EvM,2023,6,29.033333333333335
US-EvM,2023,7,26.032258064516128
US-EvM,2023,8,24.29032258064516
US-HB1,1996,5,31.636363636363637
US-HB1,1996,6,30.5
US-HB1,1996,7,28.035714285714285
US-HB1,1996,8,32.36666666666667
US-HB1,1997,5,28.548387096774192
US-HB1,1997,6,28.433333333333334
US-HB1,1997,7,31.444444444444443
US-HB1,1997,8,24.708333333333332
US-HB1,1998,5,28.90909090909091
US-HB1,1998,6,32.166666666666664
US-HB1,1998,7,34.592592592592595
US-HB1,1998,8,33.63333333333333
US-HB1,1999,5,30.225806451612904
US-HB1,1999,6,34.57142857142857
US-HB1,1999,7,33.827586206896555
US-HB1,1999,8,35.10344827586207
US-HB1,2000,5,33.2962962962963
US-HB1,2000,6,35.42857142857143
US-HB1,2000,7,35.76470588235294
US-HB1,2000,8,32.12903225806452
US-HB1,2001,5,35.38709677419355
US-HB1,2001,6,34.2
US-HB1,2001,7,34.0
US-HB1,2001,8,33.806451612903224
US-HB1,2002,5,35.03225806451613
US-HB1,2002,6,34.56666666666667
US-HB1,2002,7,35.54545454545455
US-HB1,2002,8,34.54838709677419
US-HB1,2003,5,26.967741935483872
US-HB1,2003,6,26.48
US-HB1,2003,7,24.65
US-HB1,2003,8,29.451612903225808
US-HB1,2004,5,34.4
US-HB1,2004,6,36.36666666666667
US-HB1,2004,7,35.125
US-HB1,2004,8,29.483870967741936
US-HB1,2005,5,33.193548387096776
US-HB1,2005,6,32.46666666666667
US-HB1,2005,7,30.774193548387096
US-HB1,2005,8,33.483870967741936
US-HB1,2006,5,34.61290322580645
US-HB1,2006,6,34.766666666666666
US-HB1,2006,7,33.87096774193548
US-HB1,2006,8,36.16129032258065
US-HB1,2007,5,34.74193548387097
US-HB1,2007,6,35.666666666666664
US-HB1,2007,7,35.193548387096776
US-HB1,2007,8,35.54838709677419
US-HB1,2008,5,34.58064516129032
US-HB1,2008,6,36.724137931034484
US-HB1,2008,7,34.294117647058826
US-HB1,2008,8,35.064516129032256
US-HB1,2009,5,35.25806451612903
US-HB1,2009,6,34.0
US-HB1,2009,7,35.32258064516129
US-HB1,2009,8,34.12903225806452
US-HB1,2010,5,35.25806451612903
US-HB1,2010,6,33.9
US-HB1,2010,7,34.96296296296296
US-HB1,2010,8,34.806451612903224
US-HB1,2011,5,35.096774193548384
US-HB1,2011,6,36.06666666666667
US-HB1,2011,7,35.483870967741936
US-HB1,2011,8,36.03225806451613
US-HB1,2012,5,33.935483870967744
US-HB1,2012,6,32.56666666666667
US-HB1,2012,7,35.096774193548384
US-HB1,2012,8,32.903225806451616
US-HB1,2013,5,32.29032258064516
US-HB1,2013,6,30.133333333333333
US-HB1,2013,7,25.903225806451612
US-HB1,2013,8,31.0
US-HB1,2014,5,31.64516129032258
US-HB1,2014,6,35.333333333333336
US-HB1,2014,7,34.064516129032256
US-HB1,2014,8,32.225806451612904
US-HB1,2015,5,30.70967741935484
US-HB1,2015,6,33.607142857142854
US-HB1,2015,7,35.45161290322581
US-HB1,2015,8,33.516129032258064
US-HB1,2016,5,34.32258064516129
US-HB1,2016,6,34.0
US-HB1,2016,7,34.935483870967744
US-HB1,2016,8,35.0
US-HB1,2017,5,31.677419354838708
US-HB1,2017,6,30.566666666666666
US-HB1,2017,7,34.29032258064516
US-HB1,2017,8,33.193548387096776
US-HB1,2018,5,32.354838709677416
US-HB1,2018,6,33.333333333333336
US-HB1,2018,7,30.129032258064516
US-HB1,2018,8,32.03225806451613
US-HB1,2019,5,32.67741935483871
US-HB1,2019,6,33.96666666666667
US-HB1,2019,7,35.193548387096776
US-HB1,2019,8,35.61290322580645
US-HB1,2020,5,30.870967741935484
US-HB1,2020,6,23.7
US-HB1,2020,7,29.903225806451612
US-HB1,2020,8,28.29032258064516
US-HB1,2021,5,33.935483870967744
US-HB1,2021,6,30.73
US-HB1,2021,7,32.70967741935484
US-HB1,2021,8,30.161290322580644
US-HB1,2022,5,34.41935483870968
US-HB1,2022,6,35.53333333333333
US-HB1,2022,7,33.2
US-HB1,2022,8,32.93333333333333
US-HB1,2023,5,32.354838709677416
US-HB1,2023,6,34.3
US-HB1,2023,7,29.989285714285717
US-HB1,2023,8,35.70967741935484
US-KS3,2022,5,25.49194486983155
US-KS3,2022,6,24.693624823695345
US-KS3,2022,7,22.16911373707533
US-KS3,2022,8,22.135162601626018
US-KS3,2023,5,22.20112737920937
US-KS3,2023,6,25.46534693877551
US-KS3,2023,8,19.15181434599156
US-KS3,2024,5,25.2733264033264
US-KS3,2024,6,26.869194444444442
US-KS3,2024,7,25.77810040705563
US-KS3,2024,8,24.700029197080294
US-TaS,1991,5,53.0
US-TaS,1991,6,46.5
US-TaS,1991,7,34.5
US-TaS,1991,8,34.1
US-TaS,1992,5,37.4
US-TaS,1992,6,37.6
US-TaS,1992,7,21.1
US-TaS,1992,8,15.5
US-TaS,1993,5,24.2
US-TaS,1993,6,25.3
US-TaS,1993,7,26.0
US-TaS,1993,8,26.3
US-TaS,1994,5,30.4
US-TaS,1994,6,29.7
US-TaS,1994,7,33.35
US-TaS,1994,8,35.0
US-TaS,1995,5,29.0
US-TaS,1995,6,20.1
US-TaS,1995,7,15.3
US-TaS,1995,8,10.75
US-TaS,1996,5,20.5078125
US-TaS,1996,6,13.23225806451613
US-TaS,1996,7,1.2596774193548386
US-TaS,1996,8,5.690740740740741
US-TaS,1997,5,27.65555555555556
US-TaS,1997,6,9.019354838709678
US-TaS,1997,7,0.0
US-TaS,1997,8,2.585
US-TaS,1998,5,15.971428571428572
US-TaS,1998,6,18.295454545454547
US-TaS,1998,7,18.672
US-TaS,1998,8,7.507407407407407
US-TaS,1999,5,34.12222222222223
US-TaS,1999,6,30.8875
US-TaS,1999,7,23.375
US-TaS,1999,8,13.863636363636363
US-TaS,2000,5,18.666666666666668
US-TaS,2000,6,22.39375
US-TaS,2000,7,23.03333333333333
US-TaS,2000,8,17.099999999999998
US-TaS,2001,5,32.875
US-TaS,2001,6,17.520833333333332
US-TaS,2001,7,36.67272727272727
US-TaS,2001,8,8.726923076923077
US-TaS,2002,5,27.808333333333334
US-TaS,2002,6,20.708333333333332
US-TaS,2002,7,4.525
US-TaS,2002,8,2.6566666666666667
US-TaS,2003,5,12.016666666666666
US-TaS,2003,6,5.48125
US-TaS,2003,7,3.092307692307692
US-TaS,2003,8,6.75
US-TaS,2004,5,28.692307692307693
US-TaS,2004,6,35.41153846153846
US-TaS,2004,7,39.34666666666667
US-TaS,2004,8,25.40357142857143
US-TaS,2005,5,46.47692307692308
US-TaS,2005,6,35.74166666666667
US-TaS,2005,7,13.830000000000002
US-TaS,2005,8,15.85
US-TaS,2006,5,32.59285714285714
US-TaS,2006,6,30.572727272727274
US-TaS,2006,7,8.036363636363635
US-TaS,2006,8,3.408333333333333
US-TaS,2007,5,30.39428571428571
US-TaS,2007,6,21.19192307692308
US-TaS,2007,7,5.046363636363636
US-TaS,2007,8,10.20722222222222
US-TaS,2008,5,33.089999999999996
US-TaS,2008,6,34.129615384615384
US-TaS,2008,7,33.36
US-TaS,2008,8,32.93636363636364
US-TaS,2009,5,41.65833333333334
US-TaS,2009,6,22.86923076923077
US-TaS,2009,7,9.053846153846154
US-TaS,2009,8,11.292857142857143
US-TaS,2010,5,23.1
US-TaS,2010,6,28.157142857142855
US-TaS,2010,7,20.73846153846154
US-TaS,2010,8,15.253333333333332
US-TaS,2011,5,34.36153846153846
US-TaS,2011,6,37.42142857142857
US-TaS,2011,7,31.683333333333334
US-TaS,2011,8,27.953333333333333
US-TaS,2012,5,18.075
US-TaS,2012,6,5.946153846153846
US-TaS,2012,7,3.466666666666667
US-TaS,2012,8,1.9923076923076926
US-TaS,2013,5,26.95
US-TaS,2013,6,4.961538461538462
US-TaS,2013,7,1.8333333333333333
US-TaS,2013,8,4.307142857142857
US-TaS,2014,5,29.73846153846154
US-TaS,2014,6,34.34615384615385
US-TaS,2014,7,24.838461538461537
US-TaS,2014,8,18.492307692307694
US-TaS,2015,5,36.35
US-TaS,2015,6,41.32857142857143
US-TaS,2015,7,46.9
US-TaS,2015,8,47.357142857142854
US-TaS,2016,5,17.349999999999998
US-TaS,2016,6,16.87333333333333
US-TaS,2016,7,11.225000000000001
US-TaS,2016,8,11.278571428571428
US-TaS,2017,5,36.221428571428575
US-TaS,2017,6,34.18333333333333
US-TaS,2017,7,23.353846153846156
US-TaS,2017,8,18.849999999999998
US-TaS,2018,5,26.014285714285712
US-TaS,2018,6,17.141666666666666
US-TaS,2018,7,9.083333333333334
US-TaS,2018,8,9.669230769230769
US-TaS,2019,5,32.58461538461539
US-TaS,2019,6,35.516666666666666
US-TaS,2019,7,31.15833333333333
US-TaS,2019,8,25.164285714285715
US-TaS,2020,5,38.330769230769235
US-TaS,2020,6,29.983333333333334
US-TaS,2020,7,22.36923076923077
US-TaS,2020,8,14.646153846153847
US-TaS,2021,5,19.083333333333332
US-TaS,2021,6,23.963636363636365
US-TaS,2021,7,24.685714285714287
US-TaS,2021,8,17.691666666666666
US-TaS,2022,5,28.299999999999997
US-TaS,2022,6,11.491666666666667
US-TaS,2022,7,8.353846153846154
US-TaS,2022,8,18.572727272727274
US-TaS,2023,5,27.153846153846153
US-TaS,2023,6,18.366666666666667
US-TaS,2023,7,6.815384615384615
US-TaS,2023,8,9.7
US-TaS,2024,5,16.9
US-TaS,2024,6,22.1
US-TaS,2024,7,19.3
US-TaS,2024,8,23.85
US-StJ,1995,7,21.580645161290324
US-StJ,1995,8,21.448275862068964
US-StJ,1996,5,5.796296296296297
US-StJ,1996,6,4.628571428571428
US-StJ,1996,7,7.729032258064516
US-StJ,1996,8,9.0
US-StJ,1997,5,6.22258064516129
US-StJ,1997,6,10.25
US-StJ,1997,7,13.64516129032258
US-StJ,1997,8,12.319354838709677
US-StJ,1998,5,8.329032258064515
US-StJ,1998,6,11.44
US-StJ,1998,7,14.0
US-StJ,1998,8,13.393548387096773
US-StJ,1999,5,15.555555555555555
US-StJ,1999,6,17.681818181818183
US-StJ,1999,7,19.61935483870968
US-StJ,1999,8,23.032258064516128
US-StJ,2000,5,11.403225806451612
US-StJ,2000,6,11.92
US-StJ,2000,7,14.193548387096774
US-StJ,2000,8,15.5
US-StJ,2001,5,11.438709677419356
US-StJ,2001,6,6.863333333333333
US-StJ,2001,7,12.19032258064516
US-StJ,2001,8,14.674193548387096
US-StJ,2002,5,9.66451612903226
US-StJ,2002,6,15.44
US-StJ,2002,7,19.64516129032258
US-StJ,2002,8,23.419354838709676
US-StJ,2003,5,7.945161290322581
US-StJ,2003,6,5.3133333333333335
US-StJ,2003,7,6.645161290322581
US-StJ,2003,8,8.829032258064515
US-StJ,2004,5,11.2
US-StJ,2004,6,11.293333333333333
US-StJ,2004,7,11.574193548387097
US-StJ,2004,8,12.541935483870969
US-StJ,2005,5,9.625806451612902
US-StJ,2005,6,11.323333333333332
US-StJ,2005,7,12.63225806451613
US-StJ,2005,8,15.416129032258064
US-StJ,2006,5,16.161290322580644
US-StJ,2006,6,12.93
US-StJ,2006,7,8.325806451612904
US-StJ,2006,8,18.548387096774192
US-StJ,2007,5,9.770967741935483
US-StJ,2007,6,15.1
US-StJ,2007,7,17.033333333333335
US-StJ,2007,8,20.129032258064516
US-StJ,2008,5,10.438709677419356
US-StJ,2008,6,13.983333333333333
US-StJ,2008,7,17.870967741935484
US-StJ,2008,8,22.451612903225808
US-StJ,2009,5,9.770967741935483
US-StJ,2009,6,11.223333333333333
US-StJ,2009,7,16.29032258064516
US-StJ,2009,8,12.922580645161291
US-StJ,2010,5,9.841935483870968
US-StJ,2010,6,17.0
US-StJ,2010,7,15.806451612903226
US-StJ,2010,8,18.741935483870968
US-StJ,2011,5,12.3
US-StJ,2011,6,16.933333333333334
US-StJ,2011,7,17.419354838709676
US-StJ,2011,8,14.619354838709677
US-StJ,2012,5,14.391304347826088
US-StJ,2012,6,18.033333333333335
US-StJ,2012,7,20.032258064516128
US-StJ,2012,8,21.677419354838708
US-StJ,2013,5,10.480645161290322
US-StJ,2013,6,8.146666666666667
US-StJ,2013,7,9.587096774193547
US-StJ,2013,8,12.680645161290323
US-StJ,2014,5,7.803225806451613
US-StJ,2014,6,12.26
US-StJ,2014,7,14.125806451612902
US-StJ,2014,8,16.0
US-StJ,2015,5,9.990322580645161
US-StJ,2015,6,9.616666666666667
US-StJ,2015,7,16.483870967741936
US-StJ,2015,8,16.161290322580644
US-StJ,2016,5,8.574193548387097
US-StJ,2016,6,12.526666666666667
US-StJ,2016,7,13.716129032258063
US-StJ,2016,8,17.161290322580644
US-StJ,2017,5,10.14516129032258
US-StJ,2017,6,12.99
US-StJ,2017,7,16.129032258064516
US-StJ,2017,8,8.519354838709678
US-StJ,2018,5,7.135483870967741
US-StJ,2018,6,8.396666666666667
US-StJ,2018,7,13.074193548387097
US-StJ,2018,8,12.04516129032258
US-StJ,2019,5,7.66774193548387
US-StJ,2019,6,8.68
US-StJ,2019,7,12.16451612903226
US-StJ,2019,8,17.774193548387096
US-StJ,2020,5,8.787096774193548
US-StJ,2020,6,15.5
US-StJ,2020,7,19.419354838709676
US-StJ,2020,8,9.290322580645162
US-StJ,2021,5,14.096551724137932
US-StJ,2021,6,14.626666666666667
US-StJ,2021,7,17.30322580645161
US-StJ,2021,8,16.425
US-StJ,2022,5,12.964516129032257
US-StJ,2022,6,18.033333333333335
US-StJ,2022,7,17.56451612903226
US-StJ,2022,8,22.033333333333335
US-StJ,2023,5,13.04516129032258
US-StJ,2023,6,19.066666666666666
US-StJ,2023,7,17.448387096774194
US-StJ,2023,8,20.096774193548388
US-Skr,1993,5,29.5
US-Skr,1993,6,20.6
US-Skr,1993,7,24.3
US-Skr,1993,8,25.3
US-Skr,1994,5,32.05
US-Skr,1994,6,32.25
US-Skr,1994,7,33.45
US-Skr,1994,8,33.95
US-Skr,1995,5,21.7
US-Skr,1995,6,18.25
US-Skr,1995,7,16.8
US-Skr,1995,8,15.8
US-Skr,1996,5,28.629032258064516
US-Skr,1996,6,24.86774193548387
US-Skr,1996,7,21.815625
US-Skr,1996,8,25.8078125
US-Skr,1997,5,33.45625
US-Skr,1997,6,19.35483870967742
US-Skr,1997,7,19.967741935483872
US-Skr,1997,8,24.80625
US-Skr,1998,5,27.164285714285715
US-Skr,1998,6,27.26521739130435
US-Skr,1998,7,26.165625
US-Skr,1998,8,23.0875
US-Skr,1999,5,30.834375
US-Skr,1999,6,26.48225806451613
US-Skr,1999,7,23.546875
US-Skr,1999,8,23.6453125
US-Skr,2000,5,30.4921875
US-Skr,2000,6,28.561290322580643
US-Skr,2000,7,29.6421875
US-Skr,2000,8,26.4859375
US-Skr,2001,5,33.88139534883721
US-Skr,2001,6,31.99204545454546
US-Skr,2001,7,31.04186046511628
US-Skr,2001,8,22.86627906976744
US-Skr,2002,5,31.048863636363638
US-Skr,2002,6,22.905952380952378
US-Skr,2002,7,17.523863636363636
US-Skr,2002,8,20.779761904761905
US-Skr,2003,5,27.527272727272727
US-Skr,2003,6,21.39761904761905
US-Skr,2003,7,23.585227272727273
US-Skr,2003,8,22.519767441860466
US-Skr,2004,5,31.748837209302327
US-Skr,2004,6,33.80357142857143
US-Skr,2004,7,29.429069767441863
US-Skr,2004,8,22.3
US-Skr,2005,5,32.10232558139535
US-Skr,2005,6,27.2609756097561
US-Skr,2005,7,23.376744186046512
US-Skr,2005,8,19.714634146341464
US-Skr,2006,5,31.333333333333332
US-Skr,2006,6,26.360000000000003
US-Skr,2006,7,18.29047619047619
US-Skr,2006,8,21.370731707317074
US-Skr,2007,5,31.987954545454546
US-Skr,2007,6,28.24607142857143
US-Skr,2007,7,26.17761363636364
US-Skr,2007,8,26.088863636363637
US-Skr,2008,5,35.03409090909091
US-Skr,2008,6,32.66135135135135
US-Skr,2008,7,28.80731707317073
US-Skr,2008,8,25.609302325581396
US-Skr,2009,5,37.14418604651163
US-Skr,2009,6,29.66046511627907
US-Skr,2009,7,22.669767441860465
US-Skr,2009,8,24.604545454545452
US-Skr,2010,5,30.979069767441857
US-Skr,2010,6,30.514285714285712
US-Skr,2010,7,28.186363636363637
US-Skr,2010,8,25.679069767441863
US-Skr,2011,5,35.434090909090905
US-Skr,2011,6,36.05238095238095
US-Skr,2011,7,31.91818181818182
US-Skr,2011,8,30.13181818181818
US-Skr,2012,5,29.813953488372093
US-Skr,2012,6,26.47142857142857
US-Skr,2012,7,23.38139534883721
US-Skr,2012,8,23.78684210526316
US-Skr,2013,5,29.66046511627907
US-Skr,2013,6,21.33953488372093
US-Skr,2013,7,21.05952380952381
US-Skr,2013,8,23.304651162790698
US-Skr,2014,5,34.246511627906976
US-Skr,2014,6,30.87142857142857
US-Skr,2014,7,24.542424242424243
US-Skr,2014,8,25.39032258064516
US-Skr,2015,5,31.741860465116282
US-Skr,2015,6,31.400000000000002
US-Skr,2015,7,32.07142857142857
US-Skr,2015,8,31.657142857142855
US-Skr,2016,5,28.776190476190475
US-Skr,2016,6,25.90952380952381
US-Skr,2016,7,24.548837209302324
US-Skr,2016,8,25.82045454545454
US-Skr,2017,5,34.623255813953485
US-Skr,2017,6,30.653658536585365
US-Skr,2017,7,26.63181818181818
US-Skr,2017,8,23.41818181818182
US-Skr,2018,5,29.613953488372093
US-Skr,2018,6,22.685714285714283
US-Skr,2018,7,20.646511627906975
US-Skr,2018,8,25.004761904761907
US-Skr,2019,5,31.326190476190476
US-Skr,2019,6,30.79285714285714
US-Skr,2019,7,27.943181818181817
US-Skr,2019,8,25.64883720930233
US-Skr,2020,5,32.579069767441865
US-Skr,2020,6,30.669767441860465
US-Skr,2020,7,27.635714285714286
US-Skr,2020,8,25.229545454545452
US-Skr,2021,5,31.320930232558137
US-Skr,2021,6,33.15714285714286
US-Skr,2021,7,30.130232558139532
US-Skr,2021,8,30.49090909090909
US-Skr,2022,5,34.24545454545454
US-Skr,2022,6,25.66923076923077
US-Skr,2022,7,25.526190476190475
US-Skr,2022,8,30.91860465116279
US-Skr,2023,5,33.448837209302326
US-Skr,2023,6,29.26904761904762
US-Skr,2023,7,26.861904761904764
US-Skr,2023,8,29.165116279069764
US-Skr,2024,5,30.5
US-Skr,2024,7,30.7
