"site_name","year","avg_DER_sos","avg_DER_eos","avg_TRS_sos","avg_TRS_eos","avg_length","avg_sos","avg_eos"
"US-A03",2015,175,216.8,166.6,237.8,41.8,170.8,227.3
"US-A03",2016,180,217.8,159.2,237,37.8,169.6,227.4
"US-A03",2017,158,222,154.8,178.8,64,156.4,200.4
"US-A03",2018,192.4,229.8,186.4,237.2,37.4,189.4,233.5
"US-A03",2019,146.2,228.2,138.6,224.2,82,142.4,226.2
"US-A03",2020,163.6,253.2,151,258.8,89.6,157.3,256
"US-A10",2012,187.8,244,158,254.8,56.2,172.9,249.4
"US-A10",2013,188.8,243.8,165.6,237.8,55,177.2,240.8
"US-A10",2014,177.6,238.2,169.8,245,60.6,173.7,241.6
"US-A10",2015,170.2,227.8,168,241,57.6,169.1,234.4
"US-A10",2016,179,225.2,173.8,241.6,46.2,176.4,233.4
"US-A10",2017,96,239.8,73,262.4,143.8,84.5,251.1
"US-A10",2018,195.4,244.4,189.4,261.8,49,192.4,253.1
"US-A10",2019,138,233.6,101.8,249.8,95.6,119.9,241.7
"US-A10",2020,178,250.8,170.6,266,72.8,174.3,258.4
"US-Atq",1999,94.8,231.4,70.2,256,136.6,82.5,243.7
"US-Atq",2000,96.2,235.8,70.2,259.8,139.6,83.2,247.8
"US-Atq",2001,92.2,217,65.6,250.8,124.8,78.9,233.9
"US-Atq",2002,93,235.2,68.8,263,142.2,80.9,249.1
"US-Atq",2004,188.4,240.8,184,222.4,52.4,186.2,231.6
"US-Atq",2005,173.1,206.4,165,208.4,33.3,169.05,207.4
"US-Atq",2006,186.7,231.7,182.1,230.4,45,184.4,231.05
"US-Dmg",2021,39,290.6,26.4,308.8,251.6,32.7,299.7
"US-Dmg",2022,120.2,267,104.4,287.6,146.8,112.3,277.3
"US-Dmg",2023,137.4,280.6,111.4,298.4,143.2,124.4,289.5
"US-Dmg",2024,127.8,253.2,106.8,253.8,125.4,117.3,253.5
"US-EDN",2018,114.6,249.2,87.4,275,134.6,101,262.1
"US-EDN",2019,102,272.2,81.4,296,170.2,91.7,284.1
"US-EDN",2020,98.2,276.6,72.6,291.2,178.4,85.4,283.9
"US-EKH",2023,139.8,248.4,103.8,245.8,108.6,121.8,247.1
"US-EKH",2024,74,128,56,142.4,54,65,135.2
"US-EKP",2022,30.4,226.4,19.2,230.6,196,24.8,228.5
"US-EKP",2023,124.8,257.2,101.4,282.2,132.4,113.1,269.7
"US-EvM",2020,198.5,260.5,192.5,268,62,195.5,264.25
"US-EvM",2021,10.7,89.7,0.6,91.3,79,5.65,90.5
"US-EvM",2022,103.6,164.8,90,168.5,61.2,96.8,166.65
"US-EvM",2023,46.9,185.3,17.4,190.7,138.4,32.15,188
"US-HB1",2019,92.8,266,69,288.2,173.2,80.9,277.1
"US-HB1",2020,127.2,261.8,91.8,290.4,134.6,109.5,276.1
"US-HB1",2021,130.6,258.4,98.6,283.4,127.8,114.6,270.9
"US-HB1",2022,109.8,247.8,73.4,269.8,138,91.6,258.8
"US-HB2",2019,72.4,289.2,52.6,304,216.8,62.5,296.6
"US-HB3",2019,129.6,284.6,95.4,304.2,155,112.5,294.4
"US-HB3",2020,129,289.6,95,306,160.6,112,297.8
"US-HB3",2021,144.6,286,106.4,303,141.4,125.5,294.5
"US-HB3",2022,127.6,280.2,96.6,302.8,152.6,112.1,291.5
"US-HPY",2015,147,261.2,132,290.4,114.2,139.5,275.8
"US-HPY",2016,156.8,253.6,142.4,276.4,96.8,149.6,265
"US-HPY",2017,148.4,289.4,136,305.4,141,142.2,297.4
"US-KS3",2018,146.4,287,102.4,306.4,140.6,124.4,296.7
"US-KS4",2017,96,204.6,83.2,210.2,108.6,89.6,207.4
"US-KS4",2018,133,223.7,114.9,230.4,90.7,123.95,227.05
"US-KS4",2019,87,292,53,301.6,205,70,296.8
"US-KS4",2020,93.4,303.2,52.2,324.4,209.8,72.8,313.8
"US-KS4",2021,78.8,301.2,50.6,324.6,222.4,64.7,312.9
"US-LA1",2012,82.8,264,58.4,282,181.2,70.6,273
"US-LA2",2012,76.6,239.4,65,274.8,162.8,70.8,257.1
"US-LA2",2013,115.8,272.6,97.2,289.2,156.8,106.5,280.9
"US-LA2",2016,31.2,344.6,21,341.2,313.4,26.1,342.9
"US-LA2",2017,36.6,349.6,19.6,335.8,313,28.1,342.7
"US-LA2",2018,39.6,337.6,17.8,334.8,298,28.7,336.2
"US-LA2",2019,86.2,317.4,50.8,323,231.2,68.5,320.2
"US-LA2",2020,32.2,336.2,18,322.2,304,25.1,329.2
"US-LA2",2021,104,252.8,63.4,285.6,148.8,83.7,269.2
"US-LA2",2022,98.8,269,81.8,289.4,170.2,90.3,279.2
"US-LA2",2023,122.6,223.3,112,236,100.7,117.3,229.65
"US-LA3",2019,52,316.8,45,321.4,264.8,48.5,319.1
"US-LA3",2020,76.2,333.2,45.2,329.6,257,60.7,331.4
"US-LA3",2021,49.4,287.6,27,307,238.2,38.2,297.3
"US-LA3",2022,125.4,287.2,85.4,307.2,161.8,105.4,297.2
"US-LA3",2023,59.8,270.4,39.8,295.6,210.6,49.8,283
"US-MRM",2012,156,243.2,137.8,260.8,87.2,146.9,252
"US-MRM",2013,106.3,177,99.8,187,70.7,103.05,182
"US-Myb",2011,169.7,219.5,158.9,218.4,49.8,164.3,218.95
"US-Myb",2012,128.2,296.8,111.6,306.6,168.6,119.9,301.7
"US-Myb",2013,120.2,310.2,97.8,330,190,109,320.1
"US-Myb",2014,121,235.6,96,269,114.6,108.5,252.3
"US-Myb",2015,138,274,109.6,295.8,136,123.8,284.9
"US-Myb",2016,98.4,266.6,83.2,288.2,168.2,90.8,277.4
"US-Myb",2017,155.5,248,143.2,253.6,92.5,149.35,250.8
"US-Myb",2018,119,280.6,105.2,304,161.6,112.1,292.3
"US-Myb",2019,107.8,267,97,291.6,159.2,102.4,279.3
"US-Myb",2020,138.8,296.6,122.2,316.6,157.8,130.5,306.6
"US-Myb",2021,145,262,128,284.2,117,136.5,273.1
"US-Myb",2022,119.4,256,108.2,280.4,136.6,113.8,268.2
"US-Myb",2023,137.4,268,126.2,289.8,130.6,131.8,278.9
"US-NGB",2012,96.6,228.8,70,254,132.2,83.3,241.4
"US-NGB",2013,178,210.2,163.2,233.6,32.2,170.6,221.9
"US-NGB",2014,169,215.6,166,237.6,46.6,167.5,226.6
"US-NGB",2015,174.6,229.2,160.4,248.6,54.6,167.5,238.9
"US-NGB",2016,177.2,228.2,172.6,237.4,51,174.9,232.8
"US-NGB",2017,132.6,232.8,127.8,246.6,100.2,130.2,239.7
"US-NGB",2018,202.6,239.4,193.8,245,36.8,198.2,242.2
"US-NGB",2019,180.6,226.2,174.6,239.6,45.6,177.6,232.9
"US-NGB",2021,174.6,238.4,147.2,263.6,63.8,160.9,251
"US-NGB",2022,165.2,242.8,122.4,255.2,77.6,143.8,249
"US-NGB",2023,191.2,232.4,175.8,243.6,41.2,183.5,238
"US-PhM",2013,159.4,239.2,145,262.2,79.8,152.2,250.7
"US-PhM",2014,160.8,246.8,146.4,269.8,86,153.6,258.3
"US-PhM",2015,154.4,256.6,139.6,270.6,102.2,147,263.6
"US-PhM",2016,150.6,256.8,140.4,272.2,106.2,145.5,264.5
"US-PhM",2017,157.6,240.4,144.2,264.8,82.8,150.9,252.6
"US-PhM",2018,149,261.8,132.4,280.2,112.8,140.7,271
"US-PhM",2019,153.4,245.8,140.8,267,92.4,147.1,256.4
"US-PhM",2020,159.4,251.4,143.6,276.4,92,151.5,263.9
"US-Skr",2004,66.6,340.6,43.8,334.4,274,55.2,337.5
"US-Skr",2005,77,278.2,55.6,280.2,201.2,66.3,279.2
"US-Skr",2007,91.6,310.6,54.2,310.8,219,72.9,310.7
"US-Skr",2008,76.6,308,41,314.6,231.4,58.8,311.3
"US-Skr",2009,64.4,329.8,52.2,337.6,265.4,58.3,333.7
"US-Skr",2010,96.8,251.6,73,268.4,154.8,84.9,260
"US-Skr",2011,136.1,230.2,117.7,232.3,94.1,126.9,231.25
"US-Skr",2012,27.2,321.8,10.4,323.8,294.6,18.8,322.8
"US-Skr",2013,27.8,328.8,11.2,332.8,301,19.5,330.8
"US-Skr",2014,34.6,332.2,21.2,333.8,297.6,27.9,333
"US-Skr",2015,27.8,323.8,23.8,338.4,296,25.8,331.1
"US-Skr",2017,16.4,350.8,6.2,345.2,334.4,11.3,348
"US-Skr",2018,97.1,229.7,84.5,231.4,132.6,90.8,230.55
"US-Skr",2019,59,302.8,22,315.2,243.8,40.5,309
"US-Skr",2020,160.5,274.6,146.4,276.3,114.1,153.45,275.45
"US-Skr",2021,46.6,264.8,20.8,268.8,218.2,33.7,266.8
"US-Skr",2022,89.8,210.8,48,228.2,121,68.9,219.5
"US-Skr",2023,64.6,235.2,45.6,231.8,170.6,55.1,233.5
"US-Srr",2014,90,256.8,68.6,278,166.8,79.3,267.4
"US-Srr",2015,82.4,248.8,60.6,277.6,166.4,71.5,263.2
"US-Srr",2016,99,251.4,71.2,279.6,152.4,85.1,265.5
"US-Srr",2017,101.8,266,80.6,263.4,164.2,91.2,264.7
"US-StJ",2015,148,256.8,134.2,279.6,108.8,141.1,268.2
"US-StJ",2016,147.2,245.8,131.6,269.6,98.6,139.4,257.7
"US-StJ",2017,142,261.6,120.8,285,119.6,131.4,273.3
"US-StS",2015,158.4,219,155.1,223.8,60.6,156.75,221.4
"US-TaS",2018,152.566666666667,249.333333333333,140.166666666667,250.5,96.7666666666667,146.366666666667,249.916666666667
"US-TaS",2021,79.8,144.8,71.6,141.7,65,75.7,143.25
"US-TaS",2022,201.2,253.8,180,262.8,52.6,190.6,258.3
"US-Tw1",2011,139.6,280.2,119,304.8,140.6,129.3,292.5
"US-Tw1",2012,160,279.4,132.6,300,119.4,146.3,289.7
"US-Tw1",2013,149.8,270.6,123.4,299,120.8,136.6,284.8
"US-Tw1",2014,138.4,275.2,119.2,300.2,136.8,128.8,287.7
"US-Tw1",2015,152,294,126.2,311.6,142,139.1,302.8
"US-Tw1",2016,133.4,277.8,113.4,294.8,144.4,123.4,286.3
"US-Tw1",2017,139,285.2,114.2,304.6,146.2,126.6,294.9
"US-Tw1",2018,161.4,279.6,140.4,306.4,118.2,150.9,293
"US-Tw1",2019,148.2,279.6,133,300.2,131.4,140.6,289.9
"US-Tw1",2020,148.4,273.8,136.6,304,125.4,142.5,288.9
"US-Tw1",2021,164.2,277,142.4,300.8,112.8,153.3,288.9
"US-Tw1",2022,168.6,294.6,146.2,310.4,126,157.4,302.5
"US-Tw1",2023,170.6,280.8,151.2,307.2,110.2,160.9,294
