site_name,year,GPP,Reco,ET,NEP,Tair_f,VPD_f,Rg_f,WUE,CUE,State,biome,salinity_ppt,salinity_fine,salini_coarse,avg_length,avg_sos,avg_eos,lat,long,climate,climate_2,salinity_con
US-A03,2015,162.445,80.564,56.723,81.881,5.982791997354497,5.728835106973275,206.10079464285712,2.864,0.504,AL,tundra,15.0,low med,med,47.86666666666667,164.40981760335688,227.73826661766446,70.4953,-149.8823,Barren Sparse Vegetation,Barren Sparse Vegetation,no
US-A03,2016,195.262,86.502,77.472,108.76,6.292938161375662,6.0152620825521135,207.8083677248677,2.52,0.557,AL,tundra,15.0,low med,med,47.86666666666667,164.40981760335688,227.73826661766446,70.4953,-149.8823,Barren Sparse Vegetation,Barren Sparse Vegetation,no
US-A03,2017,98.566,145.455,58.837,-46.889,7.495267857142856,5.862985142720874,197.3336238127027,1.675,-0.476,AL,tundra,15.0,low med,med,47.86666666666667,164.40981760335688,227.73826661766446,70.4953,-149.8823,Barren Sparse Vegetation,Barren Sparse Vegetation,no
US-A03,2018,111.448,58.951,61.594,52.498,4.96694246031746,5.532561711575919,186.15015622171836,1.809,0.471,AL,tundra,15.0,low med,med,47.86666666666667,164.40981760335688,227.73826661766446,70.4953,-149.8823,Barren Sparse Vegetation,Barren Sparse Vegetation,no
US-A03,2019,171.925,81.083,72.872,90.842,6.656244708994709,5.823847931675033,179.94986519881556,2.359,0.528,AL,tundra,15.0,low med,med,47.86666666666667,164.40981760335688,227.73826661766446,70.4953,-149.8823,Barren Sparse Vegetation,Barren Sparse Vegetation,no
US-A03,2020,196.448,58.331,51.773,138.117,4.583488095238096,4.50357108252964,192.6620583175349,3.794,0.703,AL,tundra,15.0,low med,med,47.86666666666667,164.40981760335688,227.73826661766446,70.4953,-149.8823,Barren Sparse Vegetation,Barren Sparse Vegetation,no
US-A10,2012,168.775,100.3,84.13,68.476,7.898814508032129,5.389826816308729,189.87664935140953,2.006,0.406,AL,sparse_veg,32.0,high,high,57.26666666666667,161.51070353097427,244.78520850465313,71.3242,-156.6149,Barren Sparse Vegetation,Barren Sparse Vegetation,no
US-A10,2013,174.475,133.674,75.749,40.801,6.425297690763052,4.502829098128142,172.9275517570281,2.303,0.234,AL,sparse_veg,32.0,high,high,57.26666666666667,161.51070353097427,244.78520850465313,71.3242,-156.6149,Barren Sparse Vegetation,Barren Sparse Vegetation,no
US-A10,2014,163.691,123.679,86.916,40.013,4.7895983935742965,3.6819489822983584,170.4550743339711,1.883,0.244,AL,sparse_veg,32.0,high,high,57.26666666666667,161.51070353097427,244.78520850465313,71.3242,-156.6149,Barren Sparse Vegetation,Barren Sparse Vegetation,no
US-A10,2015,259.206,132.63,97.093,126.575,5.331352158634538,4.03254980018311,173.72849530622491,2.67,0.488,AL,sparse_veg,32.0,high,high,57.26666666666667,161.51070353097427,244.78520850465313,71.3242,-156.6149,Barren Sparse Vegetation,Barren Sparse Vegetation,no
US-A10,2016,205.885,124.193,91.103,81.691,6.232358684738956,3.831190765641355,182.90367085759712,2.26,0.397,AL,sparse_veg,32.0,high,high,57.26666666666667,161.51070353097427,244.78520850465313,71.3242,-156.6149,Barren Sparse Vegetation,Barren Sparse Vegetation,no
US-A10,2017,277.935,78.146,96.7,199.789,6.519596636546185,3.5785666568643815,161.28114980028965,2.874,0.719,AL,sparse_veg,32.0,high,high,57.26666666666667,161.51070353097427,244.78520850465313,71.3242,-156.6149,Barren Sparse Vegetation,Barren Sparse Vegetation,no
US-A10,2018,149.842,103.001,71.955,46.841,4.298903865461847,4.246777144460736,169.81251493774062,2.082,0.313,AL,sparse_veg,32.0,high,high,57.26666666666667,161.51070353097427,244.78520850465313,71.3242,-156.6149,Barren Sparse Vegetation,Barren Sparse Vegetation,no
US-A10,2019,237.106,123.227,81.853,113.879,6.066634287148594,5.450469132674945,153.47979632094655,2.897,0.48,AL,sparse_veg,32.0,high,high,57.26666666666667,161.51070353097427,244.78520850465313,71.3242,-156.6149,Barren Sparse Vegetation,Barren Sparse Vegetation,no
US-A10,2020,198.095,115.535,73.762,82.56,4.674697289156626,4.571471997285085,180.52287972549198,2.686,0.417,AL,sparse_veg,32.0,high,high,57.26666666666667,161.51070353097427,244.78520850465313,71.3242,-156.6149,Barren Sparse Vegetation,Barren Sparse Vegetation,no
US-Atq,2003,26.901,99.769,167.026,-72.868,3.2406943187058874,1.7153020437562356,186.09324924242424,0.161,-2.709,AL,wetland,1.0,very low,low,136.6,124.4559747889871,234.75651095169204,70.4696,-157.4089,Tundra,Tundra,no
US-Atq,2004,34.09,118.702,160.752,-84.612,6.247378787937772,2.042508041294487,182.77250303030303,0.212,-2.482,AL,wetland,1.0,very low,low,136.6,124.4559747889871,234.75651095169204,70.4696,-157.4089,Tundra,Tundra,no
US-Atq,2005,114.087,145.841,134.992,-31.755,3.9786032196156005,1.970846970644342,194.94051193181818,0.845,-0.278,AL,wetland,1.0,very low,low,136.6,124.4559747889871,234.75651095169204,70.4696,-157.4089,Tundra,Tundra,no
US-Atq,2006,82.095,66.702,128.419,15.393,4.357247727325062,1.6788260126809873,165.5049034090909,0.639,0.188,AL,wetland,1.0,very low,low,136.6,124.4559747889871,234.75651095169204,70.4696,-157.4089,Tundra,Tundra,no
US-Dmg,2022,1705.91,888.392,1123.1,817.517,20.21749161066308,10.943552755376345,318.80349121303766,1.519,0.479,CA,wetlands,2.0,very low,low,251.6,95.1909691629636,281.9067547724585,38.0015,-121.6691,"Mediterranean: mild with dry, hot summer","Mediterranean, mild dry, hot",no
US-Dmg,2023,1597.72,824.608,979.835,773.112,19.34928281810036,7.904479390681003,317.7957675761649,1.631,0.484,CA,wetlands,2.0,very low,low,251.6,95.1909691629636,281.9067547724585,38.0015,-121.6691,"Mediterranean: mild with dry, hot summer","Mediterranean, mild dry, hot",no
US-Dmg,2024,1473.606,769.551,966.484,704.056,20.526012875484497,9.61869355620155,329.68570826065894,1.525,0.478,CA,wetlands,2.0,very low,low,251.6,95.1909691629636,281.9067547724585,38.0015,-121.6691,"Mediterranean: mild with dry, hot summer","Mediterranean, mild dry, hot",no
US-EDN,2018,422.064,227.108,692.418,194.956,16.100828011775363,4.043841152015399,293.0126281276731,0.61,0.462,CA,wetlands,57.0,high,high,134.6,92.6942201109463,276.7057007124989,37.6156,-122.114,"Mediterranean: mild with dry, hot summer","Mediterranean, mild dry, hot",no
US-EDN,2019,662.56,321.367,783.823,341.193,17.815094542572464,4.880210397112772,291.02933788584625,0.845,0.515,CA,wetlands,57.0,high,high,134.6,92.6942201109463,276.7057007124989,37.6156,-122.114,"Mediterranean: mild with dry, hot summer","Mediterranean, mild dry, hot",no
US-EDN,2020,614.348,288.578,711.845,325.77,17.85309567481884,5.328089642312047,283.4275347546507,0.863,0.53,CA,wetlands,57.0,high,high,134.6,92.6942201109463,276.7057007124989,37.6156,-122.114,"Mediterranean: mild with dry, hot summer","Mediterranean, mild dry, hot",no
US-EDN,2021,239.313,89.059,289.512,150.254,14.48263611111111,4.08556294488,315.0528474555497,0.827,0.628,CA,wetlands,57.0,high,high,134.6,92.6942201109463,276.7057007124989,37.6156,-122.114,"Mediterranean: mild with dry, hot summer","Mediterranean, mild dry, hot",no
US-EKH,2023,254.909,136.666,189.487,118.243,13.153247081158623,3.7706099437740277,299.2376581569104,1.345,0.464,CA,wetlands,31.0,high,high,81.3,97.32640332634303,198.88529106008818,36.8094,-121.7523,"Mediterranean: mild with dry, warm summer","Mediterranean, mild dry, warm",no
US-EKH,2024,249.233,186.66,201.251,62.573,12.94878559386977,4.139071784999603,313.61641996415216,1.238,0.251,CA,wetlands,31.0,high,high,81.3,97.32640332634303,198.88529106008818,36.8094,-121.7523,"Mediterranean: mild with dry, warm summer","Mediterranean, mild dry, warm",no
US-EKP,2022,832.391,586.186,305.349,246.205,13.254047186782886,3.5585888921521542,281.8272264568688,2.726,0.296,CA,wetlands,31.0,high,high,196.0,68.95000000006372,249.09999999995543,36.8558,-121.7488,"Mediterranean: mild with dry, warm summer","Mediterranean, mild dry, warm",no
US-EKP,2023,979.755,732.329,370.436,247.427,12.91197988689795,2.6353861690046667,235.82018959801033,2.645,0.253,CA,wetlands,31.0,high,high,196.0,68.95000000006372,249.09999999995543,36.8558,-121.7488,"Mediterranean: mild with dry, warm summer","Mediterranean, mild dry, warm",no
US-EKP,2024,1000.501,680.405,364.482,320.096,12.978488178096038,2.4247685625650575,270.123390237332,2.745,0.32,CA,wetlands,31.0,high,high,196.0,68.95000000006372,249.09999999995543,36.8558,-121.7488,"Mediterranean: mild with dry, warm summer","Mediterranean, mild dry, warm",no
US-EvM,2020,57.99,72.83,447.911,-14.84,27.0123940868545,8.207901677148419,265.9439161525049,0.129,-0.256,FL,wetlands,9.0,low,low,62.0,82.60232717319234,177.4094798084435,25.3539,-80.381,"Humid Subtropical: dry winter, hot summer","Humid Continental, dry, hot",yes
US-EvM,2021,91.02,111.536,401.159,-20.516,26.458651315789474,8.968449771044757,272.3607714912281,0.227,-0.225,FL,wetlands,9.0,low,low,62.0,82.60232717319234,177.4094798084435,25.3539,-80.381,"Humid Subtropical: dry winter, hot summer","Humid Continental, dry, hot",yes
US-EvM,2022,74.36,59.04,426.145,15.32,26.50264254385965,8.97553806612641,270.4138379385965,0.174,0.206,FL,wetlands,9.0,low,low,62.0,82.60232717319234,177.4094798084435,25.3539,-80.381,"Humid Subtropical: dry winter, hot summer","Humid Continental, dry, hot",yes
US-EvM,2023,84.564,50.412,439.724,34.153,26.78794098942067,8.320993040145048,259.52475109649123,0.192,0.404,FL,wetlands,9.0,low,low,62.0,82.60232717319234,177.4094798084435,25.3539,-80.381,"Humid Subtropical: dry winter, hot summer","Humid Continental, dry, hot",yes
US-HB1,2019,671.363,459.317,646.724,212.046,26.822361930502034,7.573861241562375,263.7674427539463,1.038,0.316,SC,wetlands,28.0,upper med,med,173.2,99.15708418877199,270.7286789871826,33.3455,-79.1957,"Humid Subtropical: mild with no dry season, hot summer","Humid Continental, mild, hot",yes
US-HB1,2020,746.624,432.044,609.0,314.58,24.156891532843296,6.130505280244545,243.06185484901894,1.226,0.421,SC,wetlands,28.0,upper med,med,173.2,99.15708418877199,270.7286789871826,33.3455,-79.1957,"Humid Subtropical: mild with no dry season, hot summer","Humid Continental, mild, hot",yes
US-HB1,2021,791.479,422.225,556.457,369.254,23.767672602136127,6.286136369672756,244.80300403707213,1.422,0.467,SC,wetlands,28.0,upper med,med,173.2,99.15708418877199,270.7286789871826,33.3455,-79.1957,"Humid Subtropical: mild with no dry season, hot summer","Humid Continental, mild, hot",yes
US-HB1,2022,737.752,481.361,612.636,256.391,24.21037299610627,7.091403978032014,250.0343306788298,1.204,0.348,SC,wetlands,28.0,upper med,med,173.2,99.15708418877199,270.7286789871826,33.3455,-79.1957,"Humid Subtropical: mild with no dry season, hot summer","Humid Continental, mild, hot",yes
US-HB2,2019,1774.423,1276.907,649.337,497.517,23.519817272057086,11.838927281964496,243.62729186573432,2.733,0.28,SC,forest,28.0,upper med,med,216.8,62.5,296.5999999999812,33.3242,-79.244,"Humid Subtropical: mild with no dry season, hot summer","Humid Continental, mild, hot",no
US-HB3,2019,1086.855,1074.738,425.765,12.118,24.821786545765374,6.795340968689854,244.40916361166452,2.553,0.011,SC,forest,28.0,upper med,med,155.0,115.52258726890076,294.55222450381115,33.3482,-79.2322,"Humid Subtropical: mild with no dry season, hot summer","Humid Continental, mild, hot",no
US-HB3,2020,1330.82,1288.143,476.602,42.678,23.65855055014105,5.702189810899445,225.39688696224093,2.792,0.032,SC,forest,28.0,upper med,med,155.0,115.52258726890076,294.55222450381115,33.3482,-79.2322,"Humid Subtropical: mild with no dry season, hot summer","Humid Continental, mild, hot",no
US-HB3,2021,1122.207,1043.382,440.42,78.825,23.641722617647396,6.192278598736577,234.24612274411433,2.548,0.07,SC,forest,28.0,upper med,med,155.0,115.52258726890076,294.55222450381115,33.3482,-79.2322,"Humid Subtropical: mild with no dry season, hot summer","Humid Continental, mild, hot",no
US-HB3,2022,1218.466,1170.302,452.844,48.164,23.792371410551915,6.594049569742568,237.24553234727335,2.691,0.04,SC,forest,28.0,upper med,med,155.0,115.52258726890076,294.55222450381115,33.3482,-79.2322,"Humid Subtropical: mild with no dry season, hot summer","Humid Continental, mild, hot",no
US-HPY,2015,625.252,492.778,363.236,132.474,23.877037188747238,10.413803110552935,222.04722131456177,1.721,0.212,NJ,wetlands,3.1,very low,low,114.2,143.77198905113607,279.3868613139623,40.7692,-74.0853,"Humid Subtropical: mild with no dry season, hot summer","Humid Continental, mild, hot",no
US-HPY,2016,713.775,574.242,413.769,139.533,24.562486957833993,12.44713340263812,230.41495360846696,1.725,0.195,NJ,wetlands,3.1,very low,low,114.2,143.77198905113607,279.3868613139623,40.7692,-74.0853,"Humid Subtropical: mild with no dry season, hot summer","Humid Continental, mild, hot",no
US-HPY,2017,880.153,774.991,453.575,105.162,22.864605531819365,10.20169080947528,218.36735688138342,1.94,0.119,NJ,wetlands,3.1,very low,low,114.2,143.77198905113607,279.3868613139623,40.7692,-74.0853,"Humid Subtropical: mild with no dry season, hot summer","Humid Continental, mild, hot",no
US-KS3,2018,821.471,383.293,531.72,438.178,26.770495276192364,6.5651658830088095,241.1026841076252,1.545,0.533,FL,wetlands,23.0,low med,med,140.6,124.39999999994917,296.7000000001153,28.7084,-80.7427,"Humid Subtropical: mild with no dry season, hot summer","Humid Continental, mild, hot",no
US-KS4,2017,880.876,760.092,478.297,120.784,27.339375453141194,11.276811508512314,246.91262208892286,1.842,0.137,FL,wetlands,23.0,low med,med,108.6,83.46011625893664,273.40432934222184,28.6,-80.7207,"Humid Subtropical: dry winter, hot summer","Humid Continental, dry, hot",no
US-KS4,2018,813.085,753.67,528.117,59.414,26.613484887707827,8.762920211969655,242.32686918792388,1.54,0.073,FL,wetlands,23.0,low med,med,108.6,83.46011625893664,273.40432934222184,28.6,-80.7207,"Humid Subtropical: dry winter, hot summer","Humid Continental, dry, hot",no
US-KS4,2019,991.378,822.195,581.135,169.183,27.4286917826771,7.52684780985235,246.10472563078915,1.706,0.171,FL,wetlands,23.0,low med,med,108.6,83.46011625893664,273.40432934222184,28.6,-80.7207,"Humid Subtropical: dry winter, hot summer","Humid Continental, dry, hot",no
US-KS4,2020,1055.65,773.653,596.895,281.996,27.667899666280913,7.097205597042855,238.335881716552,1.769,0.267,FL,wetlands,23.0,low med,med,108.6,83.46011625893664,273.40432934222184,28.6,-80.7207,"Humid Subtropical: dry winter, hot summer","Humid Continental, dry, hot",no
US-KS4,2021,1274.261,1062.084,621.231,212.177,27.15054067860319,5.728264074505836,239.69408467689345,2.051,0.167,FL,wetlands,23.0,low med,med,108.6,83.46011625893664,273.40432934222184,28.6,-80.7207,"Humid Subtropical: dry winter, hot summer","Humid Continental, dry, hot",no
US-KS4,2022,49.223,24.912,34.758,24.311,22.35785208333333,6.28468159937352,242.25127852231122,1.416,0.494,FL,wetlands,23.0,low med,med,108.6,83.46011625893664,273.40432934222184,28.6,-80.7207,"Humid Subtropical: dry winter, hot summer","Humid Continental, dry, hot",no
US-LA1,2012,442.287,536.835,315.619,-94.548,27.689533970461692,15.137467271633511,241.3216933497537,1.401,-0.214,LA,wetlands,4.6,low,low,181.2,70.59999999999343,273.0,29.5013,-90.4449,"Humid Subtropical: mild with no dry season, hot summer","Humid Continental, mild, hot",no
US-LA2,2012,1377.913,905.28,497.729,472.633,25.852359507776736,11.281877571412782,228.96478870652751,2.768,0.343,LA,wetlands,0.2,very low,low,159.8,64.88199768321545,298.0158698410962,29.8587,-90.2869,"Humid Subtropical: mild with no dry season, hot summer","Humid Continental, mild, hot",no
US-LA2,2013,1397.118,1079.207,421.697,317.91,25.64981045177859,11.164514439995733,224.26783544864247,3.313,0.228,LA,wetlands,0.2,very low,low,159.8,64.88199768321545,298.0158698410962,29.8587,-90.2869,"Humid Subtropical: mild with no dry season, hot summer","Humid Continental, mild, hot",no
US-LA2,2021,1532.67,1123.338,711.208,409.332,24.892793273425987,5.995296269795889,229.26129071005835,2.155,0.267,LA,wetlands,0.2,very low,low,159.8,64.88199768321545,298.0158698410962,29.8587,-90.2869,"Humid Subtropical: mild with no dry season, hot summer","Humid Continental, mild, hot",no
US-LA2,2022,2036.484,1626.675,927.863,409.809,24.603652640990383,7.342051026791308,250.97833757673502,2.195,0.201,LA,wetlands,0.2,very low,low,159.8,64.88199768321545,298.0158698410962,29.8587,-90.2869,"Humid Subtropical: mild with no dry season, hot summer","Humid Continental, mild, hot",no
US-LA2,2023,1923.332,1179.121,652.243,744.211,25.877856526717206,8.09725063107468,252.3659227122561,2.949,0.387,LA,wetlands,0.2,very low,low,159.8,64.88199768321545,298.0158698410962,29.8587,-90.2869,"Humid Subtropical: mild with no dry season, hot summer","Humid Continental, mild, hot",no
US-LA3,2020,1759.29,1508.317,740.935,250.973,25.197748966819972,6.628534997066564,228.53591305255233,2.374,0.143,LA,wetlands,15.0,low med,med,264.8,60.52009857609411,305.6141292443156,29.4936,-89.9153,"Humid Subtropical: mild with no dry season, hot summer","Humid Continental, mild, hot",no
US-LA3,2021,1782.17,1355.799,739.408,426.371,24.684098950611297,6.676202851234959,223.00450316480385,2.41,0.239,LA,wetlands,15.0,low med,med,264.8,60.52009857609411,305.6141292443156,29.4936,-89.9153,"Humid Subtropical: mild with no dry season, hot summer","Humid Continental, mild, hot",no
US-LA3,2022,1507.643,1044.341,762.538,463.302,25.02907148760964,7.7507452100506,238.76100286129738,1.977,0.307,LA,wetlands,15.0,low med,med,264.8,60.52009857609411,305.6141292443156,29.4936,-89.9153,"Humid Subtropical: mild with no dry season, hot summer","Humid Continental, mild, hot",no
US-LA3,2023,1938.822,1350.712,778.253,588.111,25.776279175187156,8.695047374785663,242.49840874864555,2.491,0.303,LA,wetlands,15.0,low med,med,264.8,60.52009857609411,305.6141292443156,29.4936,-89.9153,"Humid Subtropical: mild with no dry season, hot summer","Humid Continental, mild, hot",no
US-MRM,2012,655.74,599.514,344.418,56.226,22.529815559464183,5.95477755635491,266.3349300271739,1.904,0.086,NJ,wetlands,3.1,very low,low,87.2,125.00499315993738,217.04787961696306,40.8164,-74.0435,"Humid Subtropical: mild with no dry season, hot summer","Humid Continental, mild, hot",no
US-MRM,2013,423.166,443.602,286.876,-20.436,22.38510589295866,12.345450454872742,248.02462681159423,1.475,-0.048,NJ,wetlands,3.1,very low,low,87.2,125.00499315993738,217.04787961696306,40.8164,-74.0435,"Humid Subtropical: mild with no dry season, hot summer","Humid Continental, mild, hot",no
US-Myb,2011,324.019,267.153,823.579,56.867,19.29972284944596,8.102913914535613,296.47564807873175,0.393,0.176,CA,wetlands,7.0,low,low,49.8,122.51367944406455,277.2844250208204,38.0499,-121.765,"Mediterranean: mild with dry, hot summer","Mediterranean, mild dry, hot",no
US-Myb,2012,2290.273,2072.439,1439.789,217.835,19.525981586066624,9.608786758544257,315.2901078380417,1.591,0.095,CA,wetlands,7.0,low,low,49.8,122.51367944406455,277.2844250208204,38.0499,-121.765,"Mediterranean: mild with dry, hot summer","Mediterranean, mild dry, hot",no
US-Myb,2013,1307.439,1144.314,852.993,163.126,20.076019489278078,10.01274955573335,304.12708584440395,1.533,0.125,CA,wetlands,7.0,low,low,49.8,122.51367944406455,277.2844250208204,38.0499,-121.765,"Mediterranean: mild with dry, hot summer","Mediterranean, mild dry, hot",no
US-Myb,2014,1152.731,736.668,818.107,416.063,20.461409811819752,10.705727628209168,306.54562451545104,1.409,0.361,CA,wetlands,7.0,low,low,49.8,122.51367944406455,277.2844250208204,38.0499,-121.765,"Mediterranean: mild with dry, hot summer","Mediterranean, mild dry, hot",no
US-Myb,2015,1070.729,648.009,756.76,422.72,20.21492930085172,10.599614573588239,297.7014095056566,1.415,0.395,CA,wetlands,7.0,low,low,49.8,122.51367944406455,277.2844250208204,38.0499,-121.765,"Mediterranean: mild with dry, hot summer","Mediterranean, mild dry, hot",no
US-Myb,2016,737.695,629.435,641.605,108.26,19.846642203033614,10.66917392029892,306.0577304919845,1.15,0.147,CA,wetlands,7.0,low,low,49.8,122.51367944406455,277.2844250208204,38.0499,-121.765,"Mediterranean: mild with dry, hot summer","Mediterranean, mild dry, hot",no
US-Myb,2017,874.587,492.865,690.628,381.722,20.53456411281709,10.863733761920322,314.90943415812006,1.266,0.436,CA,wetlands,7.0,low,low,49.8,122.51367944406455,277.2844250208204,38.0499,-121.765,"Mediterranean: mild with dry, hot summer","Mediterranean, mild dry, hot",no
US-Myb,2018,1394.835,660.795,766.857,734.04,19.683674731182798,9.976375262365591,316.7154491284423,1.819,0.526,CA,wetlands,7.0,low,low,49.8,122.51367944406455,277.2844250208204,38.0499,-121.765,"Mediterranean: mild with dry, hot summer","Mediterranean, mild dry, hot",no
US-Myb,2019,1294.388,742.36,711.963,552.027,20.132326881720427,10.227469310349463,315.931281066352,1.818,0.426,CA,wetlands,7.0,low,low,49.8,122.51367944406455,277.2844250208204,38.0499,-121.765,"Mediterranean: mild with dry, hot summer","Mediterranean, mild dry, hot",no
US-Myb,2020,1217.952,744.657,669.919,473.295,21.09004542998857,11.711817319057308,307.33022641176177,1.818,0.389,CA,wetlands,7.0,low,low,49.8,122.51367944406455,277.2844250208204,38.0499,-121.765,"Mediterranean: mild with dry, hot summer","Mediterranean, mild dry, hot",no
US-Myb,2021,1439.925,515.696,764.393,924.229,20.143893817235064,10.723400037842724,323.66612569569077,1.884,0.642,CA,wetlands,7.0,low,low,49.8,122.51367944406455,277.2844250208204,38.0499,-121.765,"Mediterranean: mild with dry, hot summer","Mediterranean, mild dry, hot",no
US-Myb,2022,1359.879,720.123,764.634,639.757,20.834573924731185,10.938287896505377,318.7101286663784,1.778,0.47,CA,wetlands,7.0,low,low,49.8,122.51367944406455,277.2844250208204,38.0499,-121.765,"Mediterranean: mild with dry, hot summer","Mediterranean, mild dry, hot",no
US-Myb,2023,1369.759,808.577,651.72,561.182,19.528221236559137,8.366498650806452,319.09585293008286,2.102,0.41,CA,wetlands,7.0,low,low,49.8,122.51367944406455,277.2844250208204,38.0499,-121.765,"Mediterranean: mild with dry, hot summer","Mediterranean, mild dry, hot",no
US-NGB,2013,216.996,111.791,105.143,105.206,4.569388448962934,0.9713480683362251,189.7228385995602,2.064,0.485,AL,tundra,32.0,high,high,132.2,159.79780936835724,238.04591004407288,71.28,-156.6092,Snow and Ice,Snow and Ice,no
US-NGB,2014,143.077,83.689,86.841,59.388,2.362521888392258,1.0691978107868596,178.77403375338955,1.648,0.415,AL,tundra,32.0,high,high,132.2,159.79780936835724,238.04591004407288,71.28,-156.6092,Snow and Ice,Snow and Ice,no
US-NGB,2015,173.846,81.141,102.269,92.705,4.606813027417107,0.9319707956083847,194.64577505106865,1.7,0.533,AL,tundra,32.0,high,high,132.2,159.79780936835724,238.04591004407288,71.28,-156.6092,Snow and Ice,Snow and Ice,no
US-NGB,2016,130.539,55.654,94.217,74.885,3.7235941455269916,1.3276691117667276,199.24988688169248,1.386,0.574,AL,tundra,32.0,high,high,132.2,159.79780936835724,238.04591004407288,71.28,-156.6092,Snow and Ice,Snow and Ice,no
US-NGB,2017,316.766,205.63,92.5,111.136,5.005983649552135,0.9839772197367038,184.70451556370733,3.425,0.351,AL,tundra,32.0,high,high,132.2,159.79780936835724,238.04591004407288,71.28,-156.6092,Snow and Ice,Snow and Ice,no
US-NGB,2018,111.772,47.491,73.554,64.281,3.023108913555804,0.696103073597172,190.22571254913714,1.52,0.575,AL,tundra,32.0,high,high,132.2,159.79780936835724,238.04591004407288,71.28,-156.6092,Snow and Ice,Snow and Ice,no
US-NGB,2019,210.925,103.88,90.562,107.045,6.0104770565535945,1.4443072881066332,168.8815292709178,2.329,0.508,AL,tundra,32.0,high,high,132.2,159.79780936835724,238.04591004407288,71.28,-156.6092,Snow and Ice,Snow and Ice,no
US-NGB,2021,157.763,66.294,86.804,91.468,3.4449912974683543,1.0763184921014002,184.2463858122363,1.817,0.58,AL,tundra,32.0,high,high,132.2,159.79780936835724,238.04591004407288,71.28,-156.6092,Snow and Ice,Snow and Ice,no
US-NGB,2022,151.939,94.996,80.687,56.943,3.837284810126582,1.229420922255517,183.99257252109703,1.883,0.375,AL,tundra,32.0,high,high,132.2,159.79780936835724,238.04591004407288,71.28,-156.6092,Snow and Ice,Snow and Ice,no
US-NGB,2023,208.239,98.149,88.142,110.09,6.034391877637131,0.6546515258001916,193.58634572784808,2.363,0.529,AL,tundra,32.0,high,high,132.2,159.79780936835724,238.04591004407288,71.28,-156.6092,Snow and Ice,Snow and Ice,no
US-PhM,2013,693.451,421.511,348.329,271.94,20.860956101190474,6.264844328230678,232.65339501697062,1.991,0.392,MA,wetlands,22.0,low med,med,79.8,148.56245722110285,260.12778918525674,42.7423,-70.8301,"Humid Continental: humid with severe winter, no dry season, hot summer)","Humid Continental, humid, hot",no
US-PhM,2014,567.251,387.441,276.689,179.811,19.965513392857144,6.100041141107316,257.3332773222433,2.05,0.317,MA,wetlands,22.0,low med,med,79.8,148.56245722110285,260.12778918525674,42.7423,-70.8301,"Humid Continental: humid with severe winter, no dry season, hot summer)","Humid Continental, humid, hot",no
US-PhM,2015,633.486,356.685,329.426,276.801,20.554427083333334,5.633995317029871,276.932958618625,1.923,0.437,MA,wetlands,22.0,low med,med,79.8,148.56245722110285,260.12778918525674,42.7423,-70.8301,"Humid Continental: humid with severe winter, no dry season, hot summer)","Humid Continental, humid, hot",no
US-PhM,2016,536.36,321.949,380.911,214.411,21.10533854166667,6.824467431543688,259.9943650227632,1.408,0.4,MA,wetlands,22.0,low med,med,79.8,148.56245722110285,260.12778918525674,42.7423,-70.8301,"Humid Continental: humid with severe winter, no dry season, hot summer)","Humid Continental, humid, hot",no
US-PhM,2017,618.94,331.424,324.327,287.517,20.00768229166667,5.282184104586707,242.98572341023606,1.908,0.465,MA,wetlands,22.0,low med,med,79.8,148.56245722110285,260.12778918525674,42.7423,-70.8301,"Humid Continental: humid with severe winter, no dry season, hot summer)","Humid Continental, humid, hot",no
US-PhM,2018,511.596,303.442,334.33,208.154,21.218526785714285,6.974377399240033,249.72305788690923,1.53,0.407,MA,wetlands,22.0,low med,med,79.8,148.56245722110285,260.12778918525674,42.7423,-70.8301,"Humid Continental: humid with severe winter, no dry season, hot summer)","Humid Continental, humid, hot",no
US-PhM,2019,603.017,389.917,348.582,213.1,20.121316964285715,7.235774311802187,255.2329361703004,1.73,0.353,MA,wetlands,22.0,low med,med,79.8,148.56245722110285,260.12778918525674,42.7423,-70.8301,"Humid Continental: humid with severe winter, no dry season, hot summer)","Humid Continental, humid, hot",no
US-PhM,2020,576.676,362.602,348.709,214.074,21.016480654761907,7.105423460287023,253.9457024469825,1.654,0.371,MA,wetlands,22.0,low med,med,79.8,148.56245722110285,260.12778918525674,42.7423,-70.8301,"Humid Continental: humid with severe winter, no dry season, hot summer)","Humid Continental, humid, hot",no
US-Skr,2004,1884.009,1336.782,863.291,547.227,25.095126142756683,9.849792441036085,254.7398585618847,2.182,0.29,FL,forest,17.0,low med,med,274.0,58.412619609023444,295.42746498345167,25.3629,-81.0776,"Humid Subtropical: dry winter, hot summer","Humid Continental, dry, hot",yes
US-Skr,2005,1679.61,1083.715,797.658,595.895,25.717837552969296,10.520837602512369,242.15898034302603,2.106,0.355,FL,forest,17.0,low med,med,274.0,58.412619609023444,295.42746498345167,25.3629,-81.0776,"Humid Subtropical: dry winter, hot summer","Humid Continental, dry, hot",yes
US-Skr,2007,1718.933,1278.217,1058.784,440.717,25.36054404008439,7.610019339805916,228.72697072784808,1.623,0.256,FL,forest,17.0,low med,med,274.0,58.412619609023444,295.42746498345167,25.3629,-81.0776,"Humid Subtropical: dry winter, hot summer","Humid Continental, dry, hot",yes
US-Skr,2008,1645.452,1228.696,1032.232,416.756,25.532716947960623,7.130563148859975,230.79138185654006,1.594,0.253,FL,forest,17.0,low med,med,274.0,58.412619609023444,295.42746498345167,25.3629,-81.0776,"Humid Subtropical: dry winter, hot summer","Humid Continental, dry, hot",yes
US-Skr,2009,1742.661,1242.709,1170.81,499.952,25.591725650492265,7.118293278162642,236.33071193806666,1.488,0.287,FL,forest,17.0,low med,med,274.0,58.412619609023444,295.42746498345167,25.3629,-81.0776,"Humid Subtropical: dry winter, hot summer","Humid Continental, dry, hot",yes
US-Skr,2010,1528.002,910.895,1061.973,617.107,25.324225210970464,6.821053621340569,226.17830423699016,1.439,0.404,FL,forest,17.0,low med,med,274.0,58.412619609023444,295.42746498345167,25.3629,-81.0776,"Humid Subtropical: dry winter, hot summer","Humid Continental, dry, hot",yes
US-Skr,2011,1633.263,1085.309,838.983,547.955,25.732463343948922,7.630610167957155,233.07196369290796,1.947,0.335,FL,forest,17.0,low med,med,274.0,58.412619609023444,295.42746498345167,25.3629,-81.0776,"Humid Subtropical: dry winter, hot summer","Humid Continental, dry, hot",yes
US-Skr,2018,1819.226,1377.397,937.489,441.829,26.601532761095683,13.98277630720315,235.2188304012998,1.941,0.243,FL,forest,17.0,low med,med,274.0,58.412619609023444,295.42746498345167,25.3629,-81.0776,"Humid Subtropical: dry winter, hot summer","Humid Continental, dry, hot",yes
US-Skr,2019,1813.275,1255.068,1031.846,558.208,26.760004859077906,15.57666695097054,241.7547529411518,1.757,0.308,FL,forest,17.0,low med,med,274.0,58.412619609023444,295.42746498345167,25.3629,-81.0776,"Humid Subtropical: dry winter, hot summer","Humid Continental, dry, hot",yes
US-Skr,2020,2157.36,1804.955,1096.754,352.405,27.20362986858285,25.46644214749849,243.06974087976158,1.967,0.163,FL,forest,17.0,low med,med,274.0,58.412619609023444,295.42746498345167,25.3629,-81.0776,"Humid Subtropical: dry winter, hot summer","Humid Continental, dry, hot",yes
US-Skr,2021,2107.854,1780.278,951.045,327.575,26.499876724919698,16.68685929557466,247.38563958240184,2.216,0.155,FL,forest,17.0,low med,med,274.0,58.412619609023444,295.42746498345167,25.3629,-81.0776,"Humid Subtropical: dry winter, hot summer","Humid Continental, dry, hot",yes
US-Skr,2022,2315.638,1730.853,976.639,584.785,26.356014394689208,9.624444491134268,241.28869657341872,2.371,0.253,FL,forest,17.0,low med,med,274.0,58.412619609023444,295.42746498345167,25.3629,-81.0776,"Humid Subtropical: dry winter, hot summer","Humid Continental, dry, hot",yes
US-Srr,2014,1085.901,916.104,591.613,169.797,18.738778600543476,9.929752326992753,296.2808058242754,1.835,0.156,CA,wetlands,9.0,low,low,166.8,81.15871626556876,265.2330415753384,38.2006,-122.0264,"Mediterranean: mild with dry, hot summer","Mediterranean, mild dry, hot",no
US-Srr,2015,1261.959,879.231,632.572,382.728,18.686183401268114,10.137501960258152,298.5078877128623,1.995,0.303,CA,wetlands,9.0,low,low,166.8,81.15871626556876,265.2330415753384,38.2006,-122.0264,"Mediterranean: mild with dry, hot summer","Mediterranean, mild dry, hot",no
US-Srr,2016,1385.834,995.92,653.758,389.915,18.298297090126812,9.743771699162139,300.6613671428448,2.12,0.281,CA,wetlands,9.0,low,low,166.8,81.15871626556876,265.2330415753384,38.2006,-122.0264,"Mediterranean: mild with dry, hot summer","Mediterranean, mild dry, hot",no
US-Srr,2017,1645.962,982.958,809.907,663.004,18.781189492753622,10.05189073731884,295.5641604087409,2.032,0.403,CA,wetlands,9.0,low,low,166.8,81.15871626556876,265.2330415753384,38.2006,-122.0264,"Mediterranean: mild with dry, hot summer","Mediterranean, mild dry, hot",no
US-StJ,2015,1025.543,871.833,286.779,153.71,23.16250258410008,10.117606958640122,246.78579521963826,3.576,0.15,DE,wetlands,13.0,low med,med,108.8,137.3019160585488,266.3920620440779,39.0882,-75.4372,"Humid Subtropical: mild with no dry season, hot summer","Humid Continental, mild, hot",yes
US-StJ,2016,1121.532,778.757,316.256,342.775,23.797341246999203,9.273731428375672,245.02963032945735,3.546,0.306,DE,wetlands,13.0,low med,med,108.8,137.3019160585488,266.3920620440779,39.0882,-75.4372,"Humid Subtropical: mild with no dry season, hot summer","Humid Continental, mild, hot",yes
US-StJ,2017,1217.234,1138.808,315.258,78.426,22.60617409553331,7.269394488178972,237.67716262919896,3.861,0.064,DE,wetlands,13.0,low med,med,108.8,137.3019160585488,266.3920620440779,39.0882,-75.4372,"Humid Subtropical: mild with no dry season, hot summer","Humid Continental, mild, hot",yes
US-StS,2015,376.218,359.781,232.877,16.437,27.011350973725488,9.094461639174858,270.58796025641027,1.616,0.044,SC,wetlands,3.0,very low,low,60.6,156.75,221.39999999996317,33.3302,-79.2492,"Humid Subtropical: mild with no dry season, hot summer","Humid Continental, mild, hot",no
US-TaS,2017,189.753,72.932,303.227,116.821,28.85228161800609,10.529180047621807,261.3389661764706,0.626,0.616,FL,wetlands,31.0,high,high,96.7666666666667,139.6096598968556,224.7930418741092,25.1908,-80.6391,"Humid Subtropical: dry winter, hot summer","Humid Continental, dry, hot",yes
US-TaS,2018,170.604,77.229,288.43,93.375,28.256011764264574,9.78723755267537,245.54112524509804,0.591,0.547,FL,wetlands,31.0,high,high,96.7666666666667,139.6096598968556,224.7930418741092,25.1908,-80.6391,"Humid Subtropical: dry winter, hot summer","Humid Continental, dry, hot",yes
US-TaS,2019,171.334,76.908,278.779,94.426,28.703386274524764,12.038970836280786,265.1124441176471,0.615,0.551,FL,wetlands,31.0,high,high,96.7666666666667,139.6096598968556,224.7930418741092,25.1908,-80.6391,"Humid Subtropical: dry winter, hot summer","Humid Continental, dry, hot",yes
US-TaS,2020,185.049,94.075,298.384,90.975,28.75774044111663,10.415976332237587,262.3693144607843,0.62,0.492,FL,wetlands,31.0,high,high,96.7666666666667,139.6096598968556,224.7930418741092,25.1908,-80.6391,"Humid Subtropical: dry winter, hot summer","Humid Continental, dry, hot",yes
US-TaS,2021,195.871,99.882,329.157,95.989,28.14353186311909,9.914668970793079,269.4169865196078,0.595,0.49,FL,wetlands,31.0,high,high,96.7666666666667,139.6096598968556,224.7930418741092,25.1908,-80.6391,"Humid Subtropical: dry winter, hot summer","Humid Continental, dry, hot",yes
US-TaS,2022,504.425,271.907,330.809,232.518,28.173881626821032,12.14183396431125,269.82974001627184,1.525,0.461,FL,wetlands,31.0,high,high,96.7666666666667,139.6096598968556,224.7930418741092,25.1908,-80.6391,"Humid Subtropical: dry winter, hot summer","Humid Continental, dry, hot",yes
US-TaS,2023,357.99,476.788,108.012,-118.798,28.62055046417095,7.62394345709665,253.2250828862367,3.314,-0.332,FL,wetlands,31.0,high,high,96.7666666666667,139.6096598968556,224.7930418741092,25.1908,-80.6391,"Humid Subtropical: dry winter, hot summer","Humid Continental, dry, hot",yes
US-Tw1,2011,1258.221,503.685,619.927,754.536,19.671866569444443,9.759710210833333,290.71899288708335,2.03,0.6,CA,wetlands,0.2,very low,low,140.6,141.20528643619804,291.98997472584534,38.1074,-121.6469,"Mediterranean: mild with dry, hot summer","Mediterranean, mild dry, hot",no
US-Tw1,2012,1500.324,812.081,591.565,688.244,20.37701819904221,12.566610905228261,304.3755714040935,2.536,0.459,CA,wetlands,0.2,very low,low,140.6,141.20528643619804,291.98997472584534,38.1074,-121.6469,"Mediterranean: mild with dry, hot summer","Mediterranean, mild dry, hot",no
US-Tw1,2013,1502.881,761.551,818.435,741.331,20.244335138888886,11.957006156666667,300.80826288347225,1.836,0.493,CA,wetlands,0.2,very low,low,140.6,141.20528643619804,291.98997472584534,38.1074,-121.6469,"Mediterranean: mild with dry, hot summer","Mediterranean, mild dry, hot",no
US-Tw1,2014,1257.894,625.241,744.749,632.654,21.062402777777777,12.854032482638887,296.08886912093095,1.689,0.503,CA,wetlands,0.2,very low,low,140.6,141.20528643619804,291.98997472584534,38.1074,-121.6469,"Mediterranean: mild with dry, hot summer","Mediterranean, mild dry, hot",no
US-Tw1,2015,1094.116,632.591,692.789,461.526,20.818169444444447,12.556326778472222,279.72010869166667,1.579,0.422,CA,wetlands,0.2,very low,low,140.6,141.20528643619804,291.98997472584534,38.1074,-121.6469,"Mediterranean: mild with dry, hot summer","Mediterranean, mild dry, hot",no
US-Tw1,2016,1310.181,645.53,744.943,664.651,19.713585694444447,12.51386808611111,309.3556058776389,1.759,0.507,CA,wetlands,0.2,very low,low,140.6,141.20528643619804,291.98997472584534,38.1074,-121.6469,"Mediterranean: mild with dry, hot summer","Mediterranean, mild dry, hot",no
US-Tw1,2017,1467.278,595.161,733.626,872.118,20.31519874993854,12.77523898182675,302.83241747305556,2.0,0.594,CA,wetlands,0.2,very low,low,140.6,141.20528643619804,291.98997472584534,38.1074,-121.6469,"Mediterranean: mild with dry, hot summer","Mediterranean, mild dry, hot",no
US-Tw1,2018,1453.16,609.933,746.262,843.227,19.51661736111111,12.0854224575,304.1987016894445,1.947,0.58,CA,wetlands,0.2,very low,low,140.6,141.20528643619804,291.98997472584534,38.1074,-121.6469,"Mediterranean: mild with dry, hot summer","Mediterranean, mild dry, hot",no
US-Tw1,2019,951.212,737.896,592.559,213.316,18.81339513888889,12.104613799444445,309.5935587722222,1.605,0.224,CA,wetlands,0.2,very low,low,140.6,141.20528643619804,291.98997472584534,38.1074,-121.6469,"Mediterranean: mild with dry, hot summer","Mediterranean, mild dry, hot",no
US-Tw1,2020,1287.593,804.634,764.364,482.959,20.119187638888892,12.50332854236111,295.68640298124996,1.685,0.375,CA,wetlands,0.2,very low,low,140.6,141.20528643619804,291.98997472584534,38.1074,-121.6469,"Mediterranean: mild with dry, hot summer","Mediterranean, mild dry, hot",no
US-Tw1,2021,1284.671,751.478,716.314,533.193,20.435962777777778,11.650989860555557,306.8293377626389,1.793,0.415,CA,wetlands,0.2,very low,low,140.6,141.20528643619804,291.98997472584534,38.1074,-121.6469,"Mediterranean: mild with dry, hot summer","Mediterranean, mild dry, hot",no
US-Tw1,2022,1246.529,581.31,739.208,665.219,21.618162499999997,13.030860626666666,306.4250301925,1.686,0.534,CA,wetlands,0.2,very low,low,140.6,141.20528643619804,291.98997472584534,38.1074,-121.6469,"Mediterranean: mild with dry, hot summer","Mediterranean, mild dry, hot",no
US-Tw1,2023,1163.106,395.6,635.471,767.506,20.186079026044208,10.96797414748687,305.27110077440426,1.83,0.66,CA,wetlands,0.2,very low,low,140.6,141.20528643619804,291.98997472584534,38.1074,-121.6469,"Mediterranean: mild with dry, hot summer","Mediterranean, mild dry, hot",no
