"site_name","timescale","metric","month_f","baseline_mean","baseline_median","baseline_n"
"US-A03","SPEI_6","WUE_ET","6",1.18138645667007,1.14549503302191,4
"US-A03","SPEI_6","WUE_ET","7",2.63249954505607,2.59576773405462,3
"US-A03","SPEI_6","WUE_ET","8",2.28619459440613,2.27003832421968,4
"US-A03","SPEI_6","WUE_T","6",3.94208453732923,3.80478549482219,4
"US-A03","SPEI_6","WUE_T","7",8.49950163687046,7.83410425572915,3
"US-A03","SPEI_6","WUE_T","8",10.3544503746945,10.2766774883561,4
"US-A03","SPEI_48","WUE_ET","6",1.0060080362531,1.0060080362531,2
"US-A03","SPEI_48","WUE_ET","7",2.42415619315489,2.48466920801306,3
"US-A03","SPEI_48","WUE_ET","8",2.61030209699231,2.64419070221055,3
"US-A03","SPEI_48","WUE_T","6",3.48976874345822,3.48976874345822,2
"US-A03","SPEI_48","WUE_T","7",9.38625705831589,9.90780959340655,3
"US-A03","SPEI_48","WUE_T","8",10.7105443172871,11.2671864297954,3
"US-A10","SPEI_6","WUE_ET","6",0.80583330909744,0.547507532015223,5
"US-A10","SPEI_6","WUE_ET","7",3.0386534491789,3.13186728158736,6
"US-A10","SPEI_6","WUE_ET","8",2.89382783852184,2.72720563876976,6
"US-A10","SPEI_6","WUE_T","6",1.66718676017531,1.05155715318811,5
"US-A10","SPEI_6","WUE_T","7",5.446109274984,5.39795664669525,6
"US-A10","SPEI_6","WUE_T","8",5.79278659939897,5.50984721645345,6
"US-A10","SPEI_48","WUE_ET","6",1.10382590763316,0.69820816915131,7
"US-A10","SPEI_48","WUE_ET","7",2.47893319593217,2.39801575061098,7
"US-A10","SPEI_48","WUE_ET","8",3.08687519491271,3.27562848571606,5
"US-A10","SPEI_48","WUE_T","6",2.14814709312946,1.2236129365444,7
"US-A10","SPEI_48","WUE_T","7",4.4095696059793,4.86704145608227,7
"US-A10","SPEI_48","WUE_T","8",6.55754333211764,6.64182190513595,5
"US-Atq","SPEI_6","WUE_ET","5",0.46490111561799,0.303285843987595,3
"US-Atq","SPEI_6","WUE_ET","6",0.757058004048022,0.450073082637501,7
"US-Atq","SPEI_6","WUE_ET","7",0.895084701977832,0.741981862418023,8
"US-Atq","SPEI_6","WUE_ET","8",0.92707070507405,0.868099602536919,7
"US-Atq","SPEI_6","WUE_T","5",0.991919694982439,0.517853776119225,3
"US-Atq","SPEI_6","WUE_T","6",1.73084412854197,0.841926264224459,7
"US-Atq","SPEI_6","WUE_T","7",1.80445653537018,1.18225553355211,8
"US-Atq","SPEI_6","WUE_T","8",2.13198869228564,1.91508678618568,7
"US-Atq","SPEI_48","WUE_ET","5",0.514361854831923,0.303285843987595,3
"US-Atq","SPEI_48","WUE_ET","6",0.851853000013816,0.665094932219751,6
"US-Atq","SPEI_48","WUE_ET","7",0.94702660779944,0.741981862418023,6
"US-Atq","SPEI_48","WUE_ET","8",0.876873762344271,0.823962152222421,6
"US-Atq","SPEI_48","WUE_T","5",1.06940827636576,0.517853776119225,3
"US-Atq","SPEI_48","WUE_T","6",1.97283452694987,1.13864822589623,6
"US-Atq","SPEI_48","WUE_T","7",1.98067288447702,1.18225553355211,6
"US-Atq","SPEI_48","WUE_T","8",2.0638502568535,1.68656074903081,6
"US-Brw","SPEI_6","WUE_ET","6",0.972286094307281,0.56055225824049,5
"US-Brw","SPEI_6","WUE_ET","7",1.5541238737261,1.58510606136392,5
"US-Brw","SPEI_6","WUE_ET","8",1.96103810021219,2.05737623674448,8
"US-Brw","SPEI_6","WUE_T","6",2.4066034880876,1.65041516859207,5
"US-Brw","SPEI_6","WUE_T","7",2.39568220211793,2.56300187675276,5
"US-Brw","SPEI_6","WUE_T","8",3.52934663246243,3.75999786858353,8
"US-Brw","SPEI_48","WUE_ET","6",0.920651826494099,0.443502663694914,9
"US-Brw","SPEI_48","WUE_ET","7",1.73547540690023,1.70527718155708,8
"US-Brw","SPEI_48","WUE_ET","8",1.96103810021219,2.05737623674448,8
"US-Brw","SPEI_48","WUE_T","6",1.94124556605774,1.21990876080393,9
"US-Brw","SPEI_48","WUE_T","7",2.73451475358346,2.5965423214744,8
"US-Brw","SPEI_48","WUE_T","8",3.52934663246243,3.75999786858353,8
"US-BWb","SPEI_6","WUE_ET","9",1.69490650594029,1.69490650594029,1
"US-BWb","SPEI_6","WUE_T","9",2.8775220093122,2.8775220093122,1
"US-BWb","SPEI_48","WUE_ET","5",4.5725827801704,4.5725827801704,1
"US-BWb","SPEI_48","WUE_ET","6",2.19148947047253,2.19148947047253,1
"US-BWb","SPEI_48","WUE_ET","7",1.95609141861516,1.95609141861516,1
"US-BWb","SPEI_48","WUE_ET","8",2.30936111391776,2.30936111391776,1
"US-BWb","SPEI_48","WUE_T","5",8.38276372845264,8.38276372845264,1
"US-BWb","SPEI_48","WUE_T","6",3.64741592430362,3.64741592430362,1
"US-BWb","SPEI_48","WUE_T","7",4.31620080913767,4.31620080913767,1
"US-BWb","SPEI_48","WUE_T","8",3.91456460108346,3.91456460108346,1
"US-CAK","SPEI_6","WUE_ET","4",0.188230630992195,0.188230630992195,1
"US-CAK","SPEI_6","WUE_ET","7",2.95527616911783,2.95527616911783,1
"US-CAK","SPEI_6","WUE_T","4",0.650432987002107,0.650432987002107,1
"US-CAK","SPEI_6","WUE_T","7",6.47778129856253,6.47778129856253,1
"US-Ced","SPEI_6","WUE_ET","4",1.98196145050808,1.98196145050808,2
"US-Ced","SPEI_6","WUE_ET","5",2.05172880181532,2.03661543295691,3
"US-Ced","SPEI_6","WUE_ET","6",2.50297647513978,2.47168613400558,6
"US-Ced","SPEI_6","WUE_ET","7",2.35065459065725,2.29737941232853,8
"US-Ced","SPEI_6","WUE_ET","8",2.66317339324328,2.61822575259528,4
"US-Ced","SPEI_6","WUE_ET","9",2.40649672304642,2.4876303767339,6
"US-Ced","SPEI_6","WUE_ET","10",2.3176733216017,2.20753902008153,5
"US-Ced","SPEI_6","WUE_T","4",3.18670877469418,3.18670877469418,2
"US-Ced","SPEI_6","WUE_T","5",3.20564794007427,3.16666074733438,3
"US-Ced","SPEI_6","WUE_T","6",3.29588284481068,3.22395912183306,6
"US-Ced","SPEI_6","WUE_T","7",2.98501663396338,2.98149875637935,8
"US-Ced","SPEI_6","WUE_T","8",3.44446134574676,3.33862771690716,4
"US-Ced","SPEI_6","WUE_T","9",3.11320307586876,3.23048115507657,6
"US-Ced","SPEI_6","WUE_T","10",3.22461529697341,3.39468568797221,5
"US-Ced","SPEI_48","WUE_ET","4",1.96228686420499,1.92293769159881,3
"US-Ced","SPEI_48","WUE_ET","5",2.15311857178916,2.05743186304266,5
"US-Ced","SPEI_48","WUE_ET","6",2.57106475749592,2.52435617734896,7
"US-Ced","SPEI_48","WUE_ET","7",2.35562891377797,2.29737941232853,8
"US-Ced","SPEI_48","WUE_ET","8",2.4796999228964,2.38691637816973,8
"US-Ced","SPEI_48","WUE_ET","9",2.54832318467977,2.57411967856446,7
"US-Ced","SPEI_48","WUE_ET","10",2.42426695669926,2.52878782985674,5
"US-Ced","SPEI_48","WUE_T","4",3.18310263114957,3.17589034406036,3
"US-Ced","SPEI_48","WUE_T","5",3.03976246459381,2.99331243334237,5
"US-Ced","SPEI_48","WUE_T","6",3.27871006057854,3.35037101831313,7
"US-Ced","SPEI_48","WUE_T","7",2.9513844097803,2.98149875637935,8
"US-Ced","SPEI_48","WUE_T","8",3.12088675674293,2.89895926281255,8
"US-Ced","SPEI_48","WUE_T","9",3.28307723906628,3.34532884114549,7
"US-Ced","SPEI_48","WUE_T","10",3.34636615054341,3.49841723932608,5
"US-CGG","SPEI_6","WUE_ET","2",3.04573249148144,3.04573249148144,1
"US-CGG","SPEI_6","WUE_ET","3",2.45179055687339,2.45179055687339,2
"US-CGG","SPEI_6","WUE_ET","4",2.54258268181444,2.54258268181444,2
"US-CGG","SPEI_6","WUE_T","2",9.9755502136354,9.9755502136354,1
"US-CGG","SPEI_6","WUE_T","3",4.44499200717158,4.44499200717158,2
"US-CGG","SPEI_6","WUE_T","4",5.10373279114029,5.10373279114029,2
"US-CGG","SPEI_48","WUE_ET","2",1.71870003947816,1.71870003947816,2
"US-CGG","SPEI_48","WUE_ET","3",2.53326939588642,2.73993191286489,3
"US-CGG","SPEI_48","WUE_ET","4",2.93475454545591,2.93475454545591,2
"US-CGG","SPEI_48","WUE_T","2",8.038781776443,8.038781776443,2
"US-CGG","SPEI_48","WUE_T","3",5.8686704175354,4.91392581434917,3
"US-CGG","SPEI_48","WUE_T","4",4.79875137654939,4.79875137654939,2
"US-Cms","SPEI_6","WUE_ET","6",0.51157497414291,0.327442935517276,4
"US-Cms","SPEI_6","WUE_ET","7",1.82883430607367,1.80194417116677,5
"US-Cms","SPEI_6","WUE_ET","8",2.48383713672177,2.70132010863776,6
"US-Cms","SPEI_6","WUE_T","6",0.795404496546701,0.513447492033092,4
"US-Cms","SPEI_6","WUE_T","7",2.73310914251798,2.43411289911855,5
"US-Cms","SPEI_6","WUE_T","8",4.13199945323558,4.36231793740494,6
"US-Cms","SPEI_48","WUE_ET","6",0.908824729148775,0.575319541835044,6
"US-Cms","SPEI_48","WUE_ET","7",1.81530836345405,1.80194417116677,7
"US-Cms","SPEI_48","WUE_ET","8",2.48383713672177,2.70132010863776,6
"US-Cms","SPEI_48","WUE_T","6",1.38352555907249,0.803765934057315,6
"US-Cms","SPEI_48","WUE_T","7",2.74621374426453,2.43411289911855,7
"US-Cms","SPEI_48","WUE_T","8",4.13199945323558,4.36231793740494,6
"US-Dix","SPEI_6","WUE_ET","5",1.43346295940101,1.43346295940101,1
"US-Dix","SPEI_6","WUE_ET","6",2.6415621367309,2.6415621367309,1
"US-Dix","SPEI_6","WUE_ET","7",2.21410524640314,2.21410524640314,2
"US-Dix","SPEI_6","WUE_ET","8",3.01571777269145,3.01571777269145,1
"US-Dix","SPEI_6","WUE_ET","9",2.42922973866013,2.42922973866013,2
"US-Dix","SPEI_6","WUE_T","5",3.01846514729442,3.01846514729442,1
"US-Dix","SPEI_6","WUE_T","6",3.65001412760357,3.65001412760357,1
"US-Dix","SPEI_6","WUE_T","7",3.33203653598651,3.33203653598651,2
"US-Dix","SPEI_6","WUE_T","8",4.35392901787857,4.35392901787857,1
"US-Dix","SPEI_6","WUE_T","9",3.90199611378694,3.90199611378694,2
"US-Dix","SPEI_48","WUE_ET","5",2.10127114488873,2.10127114488873,2
"US-Dix","SPEI_48","WUE_ET","6",2.6507753351409,2.6507753351409,1
"US-Dix","SPEI_48","WUE_ET","7",2.52565419044265,2.52565419044265,2
"US-Dix","SPEI_48","WUE_ET","8",2.91756938036623,2.91756938036623,2
"US-Dix","SPEI_48","WUE_ET","9",2.42922973866013,2.42922973866013,2
"US-Dix","SPEI_48","WUE_T","5",3.91342922198219,3.91342922198219,2
"US-Dix","SPEI_48","WUE_T","6",4.71039820570749,4.71039820570749,1
"US-Dix","SPEI_48","WUE_T","7",4.14181337822364,4.14181337822364,2
"US-Dix","SPEI_48","WUE_T","8",4.41029529030435,4.41029529030435,2
"US-Dix","SPEI_48","WUE_T","9",3.90199611378694,3.90199611378694,2
"US-Dmg","SPEI_6","WUE_ET","4",1.10165130146582,1.10165130146582,1
"US-Dmg","SPEI_6","WUE_ET","5",1.42176927626537,1.42176927626537,2
"US-Dmg","SPEI_6","WUE_ET","6",1.65815664957996,1.65815664957996,1
"US-Dmg","SPEI_6","WUE_ET","7",1.65310720797378,1.65310720797378,2
"US-Dmg","SPEI_6","WUE_ET","8",1.51991566922333,1.54011502390865,3
"US-Dmg","SPEI_6","WUE_ET","9",1.48190637422136,1.54065274718078,3
"US-Dmg","SPEI_6","WUE_ET","10",1.51850629894897,1.51850629894897,2
"US-Dmg","SPEI_6","WUE_T","4",1.99064582405032,1.99064582405032,1
"US-Dmg","SPEI_6","WUE_T","5",2.22452153784213,2.22452153784213,2
"US-Dmg","SPEI_6","WUE_T","6",2.52178154952446,2.52178154952446,1
"US-Dmg","SPEI_6","WUE_T","7",2.61182040365785,2.61182040365785,2
"US-Dmg","SPEI_6","WUE_T","8",2.48191106224526,2.44219080337303,3
"US-Dmg","SPEI_6","WUE_T","9",2.82320022313388,2.84850405314288,3
"US-Dmg","SPEI_6","WUE_T","10",3.06309043522893,3.06309043522893,2
"US-Dmg","SPEI_48","WUE_ET","4",1.10165130146582,1.10165130146582,1
"US-Dmg","SPEI_48","WUE_ET","5",1.47309086215058,1.47309086215058,2
"US-Dmg","SPEI_48","WUE_ET","6",1.70105384505443,1.70105384505443,2
"US-Dmg","SPEI_48","WUE_ET","7",1.73726154777448,1.73726154777448,2
"US-Dmg","SPEI_48","WUE_ET","8",1.69098933979574,1.69098933979574,2
"US-Dmg","SPEI_48","WUE_ET","9",1.63395370287445,1.63395370287445,2
"US-Dmg","SPEI_48","WUE_ET","10",1.65078810534787,1.65078810534787,1
"US-Dmg","SPEI_48","WUE_T","4",1.99064582405032,1.99064582405032,1
"US-Dmg","SPEI_48","WUE_T","5",2.31728884908748,2.31728884908748,2
"US-Dmg","SPEI_48","WUE_T","6",2.69367838641942,2.69367838641942,2
"US-Dmg","SPEI_48","WUE_T","7",2.77052063894529,2.77052063894529,2
"US-Dmg","SPEI_48","WUE_T","8",2.65623072904522,2.65623072904522,2
"US-Dmg","SPEI_48","WUE_T","9",2.86512043638144,2.86512043638144,2
"US-Dmg","SPEI_48","WUE_T","10",3.22492795798773,3.22492795798773,1
"US-EDN","SPEI_6","WUE_ET","3",0.698889349163278,0.68370880333622,3
"US-EDN","SPEI_6","WUE_ET","4",0.753535681470587,0.753501338538482,3
"US-EDN","SPEI_6","WUE_ET","5",0.897745821526017,0.810528729407536,3
"US-EDN","SPEI_6","WUE_ET","6",1.01831243854893,1.01831243854893,2
"US-EDN","SPEI_6","WUE_ET","7",0.920739348292304,0.920739348292304,2
"US-EDN","SPEI_6","WUE_ET","8",0.919750527019636,0.954170488185508,3
"US-EDN","SPEI_6","WUE_ET","9",0.832019872638551,0.832019872638551,2
"US-EDN","SPEI_6","WUE_T","3",1.74960235195794,1.67528266738086,3
"US-EDN","SPEI_6","WUE_T","4",1.95165298031052,2.13800373083324,3
"US-EDN","SPEI_6","WUE_T","5",2.37208289751388,2.14302579502432,3
"US-EDN","SPEI_6","WUE_T","6",2.89740520361489,2.89740520361489,2
"US-EDN","SPEI_6","WUE_T","7",2.95650866330932,2.95650866330932,2
"US-EDN","SPEI_6","WUE_T","8",2.82186860357449,2.64781326167798,3
"US-EDN","SPEI_6","WUE_T","9",2.47287752839896,2.47287752839896,2
"US-EDN","SPEI_48","WUE_ET","3",0.785246964932715,0.822066292671018,3
"US-EDN","SPEI_48","WUE_ET","4",0.82366131344076,0.893769773944881,4
"US-EDN","SPEI_48","WUE_ET","5",1.0110209168717,0.980815241961598,4
"US-EDN","SPEI_48","WUE_ET","6",1.06445194468311,1.07925775855692,4
"US-EDN","SPEI_48","WUE_ET","7",1.05027433857654,0.981094573795662,4
"US-EDN","SPEI_48","WUE_ET","8",0.969027810555247,0.969027810555247,2
"US-EDN","SPEI_48","WUE_ET","9",0.917915453934378,0.917915453934378,1
"US-EDN","SPEI_48","WUE_T","3",1.99505594576532,2.02729023659212,3
"US-EDN","SPEI_48","WUE_T","4",2.09212112368534,2.32576464232151,4
"US-EDN","SPEI_48","WUE_T","5",2.53245675860025,2.56332516632484,4
"US-EDN","SPEI_48","WUE_T","6",2.88914887723064,2.88089255084639,4
"US-EDN","SPEI_48","WUE_T","7",3.29071159007021,3.14646370480253,4
"US-EDN","SPEI_48","WUE_T","8",2.90889627452275,2.90889627452275,2
"US-EDN","SPEI_48","WUE_T","9",2.19998489928952,2.19998489928952,1
"US-EKH","SPEI_6","WUE_ET","2",0.955865365260242,0.955865365260242,1
"US-EKH","SPEI_6","WUE_ET","3",1.168008739412,1.168008739412,1
"US-EKH","SPEI_6","WUE_ET","5",1.0562047573896,1.0562047573896,1
"US-EKH","SPEI_6","WUE_ET","6",0.736972139544037,0.736972139544037,1
"US-EKH","SPEI_6","WUE_ET","7",0.857448352391795,0.857448352391795,1
"US-EKH","SPEI_6","WUE_ET","8",1.26470742027487,1.26470742027487,2
"US-EKH","SPEI_6","WUE_T","2",2.39272476158425,2.39272476158425,1
"US-EKH","SPEI_6","WUE_T","3",2.29468498314791,2.29468498314791,1
"US-EKH","SPEI_6","WUE_T","5",2.63625434577197,2.63625434577197,1
"US-EKH","SPEI_6","WUE_T","6",3.02006561209899,3.02006561209899,1
"US-EKH","SPEI_6","WUE_T","7",4.48556061072164,4.48556061072164,1
"US-EKH","SPEI_6","WUE_T","8",5.9938699240668,5.9938699240668,2
"US-EKH","SPEI_48","WUE_ET","2",0.955865365260242,0.955865365260242,1
"US-EKH","SPEI_48","WUE_ET","3",1.0592973289803,1.0592973289803,2
"US-EKH","SPEI_48","WUE_ET","4",1.44614831011018,1.44614831011018,1
"US-EKH","SPEI_48","WUE_ET","5",1.0562047573896,1.0562047573896,1
"US-EKH","SPEI_48","WUE_ET","6",1.04549117555988,1.04549117555988,2
"US-EKH","SPEI_48","WUE_ET","7",0.857448352391795,0.857448352391795,1
"US-EKH","SPEI_48","WUE_ET","8",1.26470742027487,1.26470742027487,2
"US-EKH","SPEI_48","WUE_T","2",2.39272476158425,2.39272476158425,1
"US-EKH","SPEI_48","WUE_T","3",2.1374898262377,2.1374898262377,2
"US-EKH","SPEI_48","WUE_T","4",3.36001084739166,3.36001084739166,1
"US-EKH","SPEI_48","WUE_T","5",2.63625434577197,2.63625434577197,1
"US-EKH","SPEI_48","WUE_T","6",4.57755886576218,4.57755886576218,2
"US-EKH","SPEI_48","WUE_T","7",4.48556061072164,4.48556061072164,1
"US-EKH","SPEI_48","WUE_T","8",5.9938699240668,5.9938699240668,2
"US-EKN","SPEI_6","WUE_ET","3",0.319764206083858,0.319764206083858,1
"US-EKN","SPEI_6","WUE_ET","4",0.212269640299238,0.212269640299238,1
"US-EKN","SPEI_6","WUE_ET","5",0.220499310150351,0.220499310150351,1
"US-EKN","SPEI_6","WUE_ET","6",0.215984848767664,0.215984848767664,1
"US-EKN","SPEI_6","WUE_ET","7",0.306173345933566,0.306173345933566,2
"US-EKN","SPEI_6","WUE_T","3",0.638075672447721,0.638075672447721,1
"US-EKN","SPEI_6","WUE_T","4",0.355500109442623,0.355500109442623,1
"US-EKN","SPEI_6","WUE_T","5",0.323730611051924,0.323730611051924,1
"US-EKN","SPEI_6","WUE_T","6",0.373809756758537,0.373809756758537,1
"US-EKN","SPEI_6","WUE_T","7",0.575200420772908,0.575200420772908,2
"US-EKN","SPEI_48","WUE_ET","3",0.319764206083858,0.319764206083858,1
"US-EKN","SPEI_48","WUE_ET","4",0.212269640299238,0.212269640299238,1
"US-EKN","SPEI_48","WUE_ET","5",0.220499310150351,0.220499310150351,1
"US-EKN","SPEI_48","WUE_ET","6",0.215984848767664,0.215984848767664,1
"US-EKN","SPEI_48","WUE_ET","7",0.306173345933566,0.306173345933566,2
"US-EKN","SPEI_48","WUE_T","3",0.638075672447721,0.638075672447721,1
"US-EKN","SPEI_48","WUE_T","4",0.355500109442623,0.355500109442623,1
"US-EKN","SPEI_48","WUE_T","5",0.323730611051924,0.323730611051924,1
"US-EKN","SPEI_48","WUE_T","6",0.373809756758537,0.373809756758537,1
"US-EKN","SPEI_48","WUE_T","7",0.575200420772908,0.575200420772908,2
"US-EKP","SPEI_6","WUE_ET","5",2.3908099052344,2.3908099052344,1
"US-EKP","SPEI_6","WUE_ET","6",3.17470662944519,3.17470662944519,1
"US-EKP","SPEI_6","WUE_ET","7",3.75490562946008,3.75490562946008,2
"US-EKP","SPEI_6","WUE_ET","8",3.23694342806965,3.23694342806965,2
"US-EKP","SPEI_6","WUE_ET","9",3.33506287594262,3.33506287594262,2
"US-EKP","SPEI_6","WUE_T","5",3.4899295971975,3.4899295971975,1
"US-EKP","SPEI_6","WUE_T","6",4.62722517852023,4.62722517852023,1
"US-EKP","SPEI_6","WUE_T","7",5.32766383502809,5.32766383502809,2
"US-EKP","SPEI_6","WUE_T","8",5.04197459690226,5.04197459690226,2
"US-EKP","SPEI_6","WUE_T","9",6.45116045748824,6.45116045748824,2
"US-EKP","SPEI_48","WUE_ET","5",2.3908099052344,2.3908099052344,1
"US-EKP","SPEI_48","WUE_ET","6",3.23392327489535,3.23392327489535,2
"US-EKP","SPEI_48","WUE_ET","7",3.75490562946008,3.75490562946008,2
"US-EKP","SPEI_48","WUE_ET","8",3.23694342806965,3.23694342806965,2
"US-EKP","SPEI_48","WUE_ET","9",3.33506287594262,3.33506287594262,2
"US-EKP","SPEI_48","WUE_T","5",3.4899295971975,3.4899295971975,1
"US-EKP","SPEI_48","WUE_T","6",4.96755381019478,4.96755381019478,2
"US-EKP","SPEI_48","WUE_T","7",5.32766383502809,5.32766383502809,2
"US-EKP","SPEI_48","WUE_T","8",5.04197459690226,5.04197459690226,2
"US-EKP","SPEI_48","WUE_T","9",6.45116045748824,6.45116045748824,2
"US-Elm","SPEI_6","WUE_ET","3",0.272949043740391,0.299161843969708,4
"US-Elm","SPEI_6","WUE_ET","4",0.316985131868395,0.333523457204391,7
"US-Elm","SPEI_6","WUE_ET","5",0.256139047054459,0.254108497067284,6
"US-Elm","SPEI_6","WUE_ET","6",0.250500066222492,0.275342573531938,7
"US-Elm","SPEI_6","WUE_ET","7",0.159398514197371,0.1538954490316,6
"US-Elm","SPEI_6","WUE_T","3",0.623084377400553,0.69670007777842,4
"US-Elm","SPEI_6","WUE_T","4",0.629308125904633,0.647205954052318,7
"US-Elm","SPEI_6","WUE_T","5",0.521874461590999,0.472650165023507,6
"US-Elm","SPEI_6","WUE_T","6",0.55851636073455,0.52707000473766,7
"US-Elm","SPEI_6","WUE_T","7",0.349483056887846,0.337979915038795,6
"US-Elm","SPEI_48","WUE_ET","3",0.292687639002012,0.32459571846274,5
"US-Elm","SPEI_48","WUE_ET","4",0.306492508020749,0.333523457204391,5
"US-Elm","SPEI_48","WUE_ET","5",0.330325017904391,0.31363792843214,5
"US-Elm","SPEI_48","WUE_ET","6",0.316624960673954,0.305994026741565,6
"US-Elm","SPEI_48","WUE_ET","7",0.180941353409127,0.175292406297686,5
"US-Elm","SPEI_48","WUE_T","3",0.662741420705631,0.797373720033258,5
"US-Elm","SPEI_48","WUE_T","4",0.640374511634958,0.647205954052318,5
"US-Elm","SPEI_48","WUE_T","5",0.645224838347972,0.557702970676187,5
"US-Elm","SPEI_48","WUE_T","6",0.724830048647362,0.7236015899196,6
"US-Elm","SPEI_48","WUE_T","7",0.404935887941052,0.371755922553955,5
"US-Esm","SPEI_6","WUE_ET","1",0.0280518829802515,0.0299428825100559,3
"US-Esm","SPEI_6","WUE_ET","2",0.405148335023501,0.421907535700133,3
"US-Esm","SPEI_6","WUE_ET","3",0.366708848199199,0.381993877755409,5
"US-Esm","SPEI_6","WUE_ET","4",0.350661984480398,0.329012676409888,5
"US-Esm","SPEI_6","WUE_ET","5",0.252022476802633,0.283844893687799,7
"US-Esm","SPEI_6","WUE_ET","6",0.169777039653047,0.161121602217016,5
"US-Esm","SPEI_6","WUE_T","1",0.124959472830656,0.0957641987981634,3
"US-Esm","SPEI_6","WUE_T","2",1.25277536989408,1.31387543779004,3
"US-Esm","SPEI_6","WUE_T","3",0.943298549930011,1.0146189110738,5
"US-Esm","SPEI_6","WUE_T","4",1.30073000872544,1.61069661954496,5
"US-Esm","SPEI_6","WUE_T","5",1.0314337658799,1.15354612354046,7
"US-Esm","SPEI_6","WUE_T","6",0.816373455696749,0.505523300063053,5
"US-Esm","SPEI_48","WUE_ET","1",0.142522030682911,0.142522030682911,2
"US-Esm","SPEI_48","WUE_ET","2",0.352031554246627,0.351127300749267,4
"US-Esm","SPEI_48","WUE_ET","3",0.303761914008238,0.33973318153857,4
"US-Esm","SPEI_48","WUE_ET","4",0.167583333115481,0.191107361949191,3
"US-Esm","SPEI_48","WUE_ET","5",0.25189866145227,0.261938624511911,4
"US-Esm","SPEI_48","WUE_ET","6",0.121189186430629,0.125303553150363,4
"US-Esm","SPEI_48","WUE_T","1",1.09376762415149,1.09376762415149,2
"US-Esm","SPEI_48","WUE_T","2",1.5125620937135,1.47640276305214,4
"US-Esm","SPEI_48","WUE_T","3",0.782364507742893,0.764413251630351,4
"US-Esm","SPEI_48","WUE_T","4",0.470477607856345,0.41810584391651,3
"US-Esm","SPEI_48","WUE_T","5",0.863263177228969,0.74697176998364,4
"US-Esm","SPEI_48","WUE_T","6",0.435262544581752,0.358408287228561,4
"US-Fo1","SPEI_6","WUE_ET","6",2.20476892538844,2.20476892538844,1
"US-Fo1","SPEI_6","WUE_ET","8",9.89405122092756,9.89405122092756,1
"US-Fo1","SPEI_6","WUE_T","6",6.99063852585154,6.99063852585154,1
"US-Fo1","SPEI_6","WUE_T","8",42.7456945105646,42.7456945105646,1
"US-Fo1","SPEI_48","WUE_ET","6",2.47977149988446,2.47977149988446,1
"US-Fo1","SPEI_48","WUE_ET","7",5.73453052597967,5.73453052597967,1
"US-Fo1","SPEI_48","WUE_ET","8",7.5810391095704,7.5810391095704,2
"US-Fo1","SPEI_48","WUE_T","6",3.83916790811181,3.83916790811181,1
"US-Fo1","SPEI_48","WUE_T","7",18.9663501300236,18.9663501300236,1
"US-Fo1","SPEI_48","WUE_T","8",28.4501756240376,28.4501756240376,2
"US-Fo2","SPEI_6","WUE_ET","6",1.73606533726496,1.73606533726496,1
"US-Fo2","SPEI_6","WUE_T","6",4.12110112337584,4.12110112337584,1
"US-GCE","SPEI_6","WUE_ET","2",0.610952578225387,0.729398648035499,3
"US-GCE","SPEI_6","WUE_ET","3",0.658102037264876,0.638067828432963,3
"US-GCE","SPEI_6","WUE_ET","4",0.922094852964717,0.930525062370661,3
"US-GCE","SPEI_6","WUE_ET","5",0.701159495478363,0.71625896891532,3
"US-GCE","SPEI_6","WUE_ET","6",0.802718575959126,0.802718575959126,2
"US-GCE","SPEI_6","WUE_ET","7",0.832109101732702,0.832109101732702,2
"US-GCE","SPEI_6","WUE_ET","8",0.584667333514157,0.572826580793027,3
"US-GCE","SPEI_6","WUE_ET","9",0.702641817984626,0.758623010474137,3
"US-GCE","SPEI_6","WUE_ET","10",0.41294585307787,0.41294585307787,2
"US-GCE","SPEI_6","WUE_T","2",1.2969657149168,1.37093020031467,3
"US-GCE","SPEI_6","WUE_T","3",1.29540626479944,1.25085108626458,3
"US-GCE","SPEI_6","WUE_T","4",1.37806922775017,1.43526478564505,3
"US-GCE","SPEI_6","WUE_T","5",1.02842130323242,1.00085799102366,3
"US-GCE","SPEI_6","WUE_T","6",1.17870570460477,1.17870570460477,2
"US-GCE","SPEI_6","WUE_T","7",1.44514185894211,1.44514185894211,2
"US-GCE","SPEI_6","WUE_T","8",0.965126484573925,0.961946269787115,3
"US-GCE","SPEI_6","WUE_T","9",1.14808133170412,1.2836940588376,3
"US-GCE","SPEI_6","WUE_T","10",0.654323520488215,0.654323520488215,2
"US-GCE","SPEI_48","WUE_ET","2",0.80099182410913,0.80099182410913,2
"US-GCE","SPEI_48","WUE_ET","3",0.668119141680832,0.668119141680832,2
"US-GCE","SPEI_48","WUE_ET","4",0.866407997604641,0.930525062370661,3
"US-GCE","SPEI_48","WUE_ET","5",0.69216121804641,0.69216121804641,2
"US-GCE","SPEI_48","WUE_ET","6",0.919057632369836,0.919057632369836,1
"US-GCE","SPEI_48","WUE_ET","7",1.0881199898524,1.0881199898524,1
"US-GCE","SPEI_48","WUE_ET","8",0.590587709874722,0.590587709874722,2
"US-GCE","SPEI_48","WUE_ET","9",0.647253286500477,0.647253286500477,2
"US-GCE","SPEI_48","WUE_ET","10",0.303440127022417,0.303440127022417,1
"US-GCE","SPEI_48","WUE_T","2",1.69773466017601,1.69773466017601,2
"US-GCE","SPEI_48","WUE_T","3",1.1879127769753,1.1879127769753,2
"US-GCE","SPEI_48","WUE_T","4",1.30214162598406,1.43526478564505,3
"US-GCE","SPEI_48","WUE_T","5",0.997142679847075,0.997142679847075,2
"US-GCE","SPEI_48","WUE_T","6",1.25062714793909,1.25062714793909,1
"US-GCE","SPEI_48","WUE_T","7",2.01121839124688,2.01121839124688,1
"US-GCE","SPEI_48","WUE_T","8",0.966716591967331,0.966716591967331,2
"US-GCE","SPEI_48","WUE_T","9",1.0513088743368,1.0513088743368,2
"US-GCE","SPEI_48","WUE_T","10",0.590824045541042,0.590824045541042,1
"US-HB1","SPEI_6","WUE_ET","4",0.966889154217464,0.923481631941563,4
"US-HB1","SPEI_6","WUE_ET","5",1.12581626578556,1.13629037826531,6
"US-HB1","SPEI_6","WUE_ET","6",1.1600090925964,1.1523173059348,5
"US-HB1","SPEI_6","WUE_ET","7",1.10675451012157,1.13088429069312,5
"US-HB1","SPEI_6","WUE_ET","8",1.09893315865337,1.10819034114064,4
"US-HB1","SPEI_6","WUE_ET","9",1.03388081435183,0.952949468232165,4
"US-HB1","SPEI_6","WUE_ET","10",1.24844014417013,1.23979115465888,3
"US-HB1","SPEI_6","WUE_T","4",1.58439583251364,1.5360421879154,4
"US-HB1","SPEI_6","WUE_T","5",1.77964480335798,1.77935942796019,6
"US-HB1","SPEI_6","WUE_T","6",1.90762724753114,1.88353342002721,5
"US-HB1","SPEI_6","WUE_T","7",1.96772685594721,1.97988784621926,5
"US-HB1","SPEI_6","WUE_T","8",1.99401155456183,1.897498321323,4
"US-HB1","SPEI_6","WUE_T","9",1.93522507334875,1.71107648243811,4
"US-HB1","SPEI_6","WUE_T","10",2.37029101790361,2.40022153661599,3
"US-HB1","SPEI_48","WUE_ET","4",0.893443048019743,0.915715330605837,3
"US-HB1","SPEI_48","WUE_ET","5",1.09901343186051,1.09901343186051,2
"US-HB1","SPEI_48","WUE_ET","6",1.10774310190712,1.1523173059348,3
"US-HB1","SPEI_48","WUE_ET","7",1.16283171459129,1.16283171459129,2
"US-HB1","SPEI_48","WUE_ET","8",1.12560310836922,1.12560310836922,2
"US-HB1","SPEI_48","WUE_ET","9",1.00596272632607,0.956423418259774,3
"US-HB1","SPEI_48","WUE_ET","10",1.22988042359242,1.22988042359242,2
"US-HB1","SPEI_48","WUE_T","4",1.45662756000339,1.50314110636739,3
"US-HB1","SPEI_48","WUE_T","5",1.78114497484862,1.78114497484862,2
"US-HB1","SPEI_48","WUE_T","6",1.8358625981982,1.88353342002721,3
"US-HB1","SPEI_48","WUE_T","7",1.99877126867442,1.99877126867442,2
"US-HB1","SPEI_48","WUE_T","8",2.19699572319064,2.19699572319064,2
"US-HB1","SPEI_48","WUE_T","9",1.75722682485507,1.89122045573019,3
"US-HB1","SPEI_48","WUE_T","10",2.35532575854742,2.35532575854742,2
"US-HB2","SPEI_6","WUE_ET","3",2.62934485554525,2.60250233885809,4
"US-HB2","SPEI_6","WUE_ET","4",2.47320292983763,2.51038997933003,4
"US-HB2","SPEI_6","WUE_ET","5",2.58712972918455,2.49365087432368,5
"US-HB2","SPEI_6","WUE_ET","6",2.30128810030992,2.35001802961366,4
"US-HB2","SPEI_6","WUE_ET","7",2.21334396065759,2.30021088110788,4
"US-HB2","SPEI_6","WUE_ET","8",2.40474390821336,2.53064910982546,4
"US-HB2","SPEI_6","WUE_ET","9",2.39688899447088,2.34522339829357,4
"US-HB2","SPEI_6","WUE_ET","10",2.37229175570353,2.51991210991762,5
"US-HB2","SPEI_6","WUE_T","3",4.43812997066254,4.39075840911746,4
"US-HB2","SPEI_6","WUE_T","4",4.02709547029322,4.24591446987696,4
"US-HB2","SPEI_6","WUE_T","5",4.09659001821787,3.97234765393266,5
"US-HB2","SPEI_6","WUE_T","6",3.49078351225844,3.51821141461677,4
"US-HB2","SPEI_6","WUE_T","7",3.28072355810294,3.3945635345297,4
"US-HB2","SPEI_6","WUE_T","8",3.81033485896094,4.06230638366969,4
"US-HB2","SPEI_6","WUE_T","9",3.8492607160599,3.72909407159102,4
"US-HB2","SPEI_6","WUE_T","10",3.79204791243931,3.62619001143028,5
"US-HB2","SPEI_48","WUE_ET","3",2.35305264122848,2.31565104466237,3
"US-HB2","SPEI_48","WUE_ET","4",2.212807535368,2.17188205116323,3
"US-HB2","SPEI_48","WUE_ET","5",2.40538530194218,2.40538530194218,1
"US-HB2","SPEI_48","WUE_ET","6",2.19678188162586,2.19678188162586,2
"US-HB2","SPEI_48","WUE_ET","7",2.40202292879498,2.40202292879498,1
"US-HB2","SPEI_48","WUE_ET","8",2.40833392363831,2.40833392363831,1
"US-HB2","SPEI_48","WUE_ET","9",2.33622288695167,2.33622288695167,2
"US-HB2","SPEI_48","WUE_ET","10",2.38212421711679,2.51991210991762,3
"US-HB2","SPEI_48","WUE_T","3",3.70792139754324,3.48625686662013,3
"US-HB2","SPEI_48","WUE_T","4",3.4914715407412,3.74553818414146,3
"US-HB2","SPEI_48","WUE_T","5",3.97234765393266,3.97234765393266,1
"US-HB2","SPEI_48","WUE_T","6",3.22598264068624,3.22598264068624,2
"US-HB2","SPEI_48","WUE_T","7",3.64423203123561,3.64423203123561,1
"US-HB2","SPEI_48","WUE_T","8",3.66466106997218,3.66466106997218,1
"US-HB2","SPEI_48","WUE_T","9",3.36115025557793,3.36115025557793,2
"US-HB2","SPEI_48","WUE_T","10",3.65954370042949,3.62619001143028,3
"US-HB3","SPEI_6","WUE_ET","4",2.83245211318097,2.7459356741192,3
"US-HB3","SPEI_6","WUE_ET","5",2.97575361720576,2.97717970270926,5
"US-HB3","SPEI_6","WUE_ET","6",2.68875911424434,2.73988348984368,4
"US-HB3","SPEI_6","WUE_ET","7",2.55583173423432,2.54205937164806,4
"US-HB3","SPEI_6","WUE_ET","8",2.63429742559669,2.71475613008134,4
"US-HB3","SPEI_6","WUE_ET","9",2.57097215324273,2.54695296205286,4
"US-HB3","SPEI_6","WUE_ET","10",2.78618917702544,2.8103112818726,4
"US-HB3","SPEI_6","WUE_T","4",4.38996565814316,4.23741224622828,3
"US-HB3","SPEI_6","WUE_T","5",4.67765466640115,4.53237462385236,5
"US-HB3","SPEI_6","WUE_T","6",3.81575191210721,3.82345021484411,4
"US-HB3","SPEI_6","WUE_T","7",3.6619897108295,3.65762981927306,4
"US-HB3","SPEI_6","WUE_T","8",3.93449552968733,4.0405870511873,4
"US-HB3","SPEI_6","WUE_T","9",3.54870782564861,3.53518676541819,4
"US-HB3","SPEI_6","WUE_T","10",4.39014038493263,4.19283826532693,4
"US-HB3","SPEI_48","WUE_ET","4",2.89075869106229,2.7459356741192,3
"US-HB3","SPEI_48","WUE_ET","5",2.97717970270926,2.97717970270926,1
"US-HB3","SPEI_48","WUE_ET","6",2.73988348984368,2.73988348984368,2
"US-HB3","SPEI_48","WUE_ET","7",2.685192074729,2.685192074729,1
"US-HB3","SPEI_48","WUE_ET","8",2.65001377203203,2.65001377203203,1
"US-HB3","SPEI_48","WUE_ET","9",2.73642496873769,2.73642496873769,2
"US-HB3","SPEI_48","WUE_ET","10",2.8103112818726,2.8103112818726,2
"US-HB3","SPEI_48","WUE_T","4",4.42247587979113,4.32412860436312,3
"US-HB3","SPEI_48","WUE_T","5",4.53237462385236,4.53237462385236,1
"US-HB3","SPEI_48","WUE_T","6",3.82345021484411,3.82345021484411,2
"US-HB3","SPEI_48","WUE_T","7",3.63196820959775,3.63196820959775,1
"US-HB3","SPEI_48","WUE_T","8",3.71675843908899,3.71675843908899,1
"US-HB3","SPEI_48","WUE_T","9",3.6497874411591,3.6497874411591,2
"US-HB3","SPEI_48","WUE_T","10",4.19283826532693,4.19283826532693,2
"US-KPL","SPEI_6","WUE_ET","6",1.62823054875426,1.62823054875426,2
"US-KPL","SPEI_6","WUE_ET","7",2.98510469162584,2.98510469162584,2
"US-KPL","SPEI_6","WUE_ET","8",2.49946705762815,2.49946705762815,1
"US-KPL","SPEI_6","WUE_T","6",3.5860377440892,3.5860377440892,2
"US-KPL","SPEI_6","WUE_T","7",7.26010615085936,7.26010615085936,2
"US-KPL","SPEI_6","WUE_T","8",5.24180021852055,5.24180021852055,1
"US-KPL","SPEI_48","WUE_ET","6",1.62823054875426,1.62823054875426,2
"US-KPL","SPEI_48","WUE_ET","7",2.98510469162584,2.98510469162584,2
"US-KPL","SPEI_48","WUE_ET","8",2.49946705762815,2.49946705762815,1
"US-KPL","SPEI_48","WUE_T","6",3.5860377440892,3.5860377440892,2
"US-KPL","SPEI_48","WUE_T","7",7.26010615085936,7.26010615085936,2
"US-KPL","SPEI_48","WUE_T","8",5.24180021852055,5.24180021852055,1
"US-KS1","SPEI_6","WUE_ET","4",2.37551232004796,2.37551232004796,1
"US-KS1","SPEI_6","WUE_ET","5",1.99302181699428,1.99302181699428,1
"US-KS1","SPEI_6","WUE_ET","6",3.27605231040652,3.27605231040652,1
"US-KS1","SPEI_6","WUE_ET","7",2.87152127719913,2.87152127719913,1
"US-KS1","SPEI_6","WUE_ET","8",1.85088984450094,1.85088984450094,1
"US-KS1","SPEI_6","WUE_ET","9",1.8234245287404,1.8234245287404,1
"US-KS1","SPEI_6","WUE_ET","10",2.99606117130693,2.99606117130693,1
"US-KS1","SPEI_6","WUE_ET","11",2.81668890332174,2.81668890332174,1
"US-KS1","SPEI_6","WUE_T","4",3.64667445883325,3.64667445883325,1
"US-KS1","SPEI_6","WUE_T","5",3.12167126417718,3.12167126417718,1
"US-KS1","SPEI_6","WUE_T","6",6.39468417362462,6.39468417362462,1
"US-KS1","SPEI_6","WUE_T","7",4.85210505306993,4.85210505306993,1
"US-KS1","SPEI_6","WUE_T","8",2.92044983369787,2.92044983369787,1
"US-KS1","SPEI_6","WUE_T","9",2.46954670444233,2.46954670444233,1
"US-KS1","SPEI_6","WUE_T","10",4.38481556921852,4.38481556921852,1
"US-KS1","SPEI_6","WUE_T","11",4.15764894118229,4.15764894118229,1
"US-KS1","SPEI_48","WUE_ET","4",2.37551232004796,2.37551232004796,1
"US-KS1","SPEI_48","WUE_ET","5",1.99302181699428,1.99302181699428,1
"US-KS1","SPEI_48","WUE_ET","6",3.27605231040652,3.27605231040652,1
"US-KS1","SPEI_48","WUE_ET","7",2.87152127719913,2.87152127719913,1
"US-KS1","SPEI_48","WUE_ET","8",1.85088984450094,1.85088984450094,1
"US-KS1","SPEI_48","WUE_ET","9",1.8234245287404,1.8234245287404,1
"US-KS1","SPEI_48","WUE_ET","10",2.99606117130693,2.99606117130693,1
"US-KS1","SPEI_48","WUE_ET","11",2.81668890332174,2.81668890332174,1
"US-KS1","SPEI_48","WUE_T","4",3.64667445883325,3.64667445883325,1
"US-KS1","SPEI_48","WUE_T","5",3.12167126417718,3.12167126417718,1
"US-KS1","SPEI_48","WUE_T","6",6.39468417362462,6.39468417362462,1
"US-KS1","SPEI_48","WUE_T","7",4.85210505306993,4.85210505306993,1
"US-KS1","SPEI_48","WUE_T","8",2.92044983369787,2.92044983369787,1
"US-KS1","SPEI_48","WUE_T","9",2.46954670444233,2.46954670444233,1
"US-KS1","SPEI_48","WUE_T","10",4.38481556921852,4.38481556921852,1
"US-KS1","SPEI_48","WUE_T","11",4.15764894118229,4.15764894118229,1
"US-KS2","SPEI_6","WUE_ET","4",2.53414028181831,2.22403421133215,5
"US-KS2","SPEI_6","WUE_ET","5",2.57293932242476,2.55143045202447,3
"US-KS2","SPEI_6","WUE_ET","6",2.22387365654361,1.84577761952139,5
"US-KS2","SPEI_6","WUE_ET","7",2.23574910077516,1.69720842872703,5
"US-KS2","SPEI_6","WUE_ET","8",2.00741187732627,1.76886205285047,5
"US-KS2","SPEI_6","WUE_ET","9",2.24451014574414,2.22680747493094,4
"US-KS2","SPEI_6","WUE_ET","10",2.68316415761796,3.02573581038091,5
"US-KS2","SPEI_6","WUE_T","4",3.65311707411938,3.41729620573507,5
"US-KS2","SPEI_6","WUE_T","5",3.53620305357423,3.1969911240874,3
"US-KS2","SPEI_6","WUE_T","6",3.01580655484209,2.30693664270434,5
"US-KS2","SPEI_6","WUE_T","7",2.99379512774052,2.04440453446254,5
"US-KS2","SPEI_6","WUE_T","8",2.76108554792426,2.23865419110076,5
"US-KS2","SPEI_6","WUE_T","9",3.2104774490845,3.19280710101488,4
"US-KS2","SPEI_6","WUE_T","10",3.95862085104597,4.54859119691884,5
"US-KS2","SPEI_48","WUE_ET","4",2.57372645543116,2.46073075936584,6
"US-KS2","SPEI_48","WUE_ET","5",2.65560622883125,2.71125202552475,6
"US-KS2","SPEI_48","WUE_ET","6",2.25921696029578,2.1645157398828,6
"US-KS2","SPEI_48","WUE_ET","7",2.20901900324813,1.75297005927907,7
"US-KS2","SPEI_48","WUE_ET","8",1.96561703451555,1.76886205285047,7
"US-KS2","SPEI_48","WUE_ET","9",2.27766306658791,2.34396890827545,6
"US-KS2","SPEI_48","WUE_ET","10",2.68316415761796,3.02573581038091,5
"US-KS2","SPEI_48","WUE_T","4",3.62622761610503,3.48386805279927,6
"US-KS2","SPEI_48","WUE_T","5",3.59407275997285,3.49795856316867,6
"US-KS2","SPEI_48","WUE_T","6",3.14203044009655,2.73533333905649,6
"US-KS2","SPEI_48","WUE_T","7",2.90089737850842,2.29259305231244,7
"US-KS2","SPEI_48","WUE_T","8",2.71364550705178,2.23865419110076,7
"US-KS2","SPEI_48","WUE_T","9",3.24392936649265,3.24493194048283,6
"US-KS2","SPEI_48","WUE_T","10",3.95862085104597,4.54859119691884,5
"US-KS3","SPEI_6","WUE_ET","5",1.13679968718434,1.13679968718434,1
"US-KS3","SPEI_6","WUE_ET","10",1.71171354058297,1.71171354058297,1
"US-KS3","SPEI_6","WUE_T","5",1.84089364508282,1.84089364508282,1
"US-KS3","SPEI_6","WUE_T","10",3.15469601770597,3.15469601770597,1
"US-KS4","SPEI_6","WUE_ET","3",1.81480656707594,1.50015483829344,3
"US-KS4","SPEI_6","WUE_ET","4",1.57672052973813,1.5754890396093,5
"US-KS4","SPEI_6","WUE_ET","5",1.78103725989446,1.89382491009642,4
"US-KS4","SPEI_6","WUE_ET","6",2.05288031492103,2.05288031492103,2
"US-KS4","SPEI_6","WUE_ET","7",1.97597996440548,1.97597996440548,2
"US-KS4","SPEI_6","WUE_ET","8",1.8846833472438,1.8846833472438,2
"US-KS4","SPEI_6","WUE_ET","9",2.25412305813471,2.25412305813471,2
"US-KS4","SPEI_6","WUE_ET","10",2.1300753515898,2.1300753515898,2
"US-KS4","SPEI_6","WUE_T","3",9.06586273176814,7.02486638082036,3
"US-KS4","SPEI_6","WUE_T","4",6.92164880097965,6.65642316750421,5
"US-KS4","SPEI_6","WUE_T","5",8.35163805792646,7.62243960607748,4
"US-KS4","SPEI_6","WUE_T","6",6.72348122040528,6.72348122040528,2
"US-KS4","SPEI_6","WUE_T","7",8.38559412605077,8.38559412605077,2
"US-KS4","SPEI_6","WUE_T","8",7.4118642827545,7.4118642827545,2
"US-KS4","SPEI_6","WUE_T","9",11.0152494514676,11.0152494514676,2
"US-KS4","SPEI_6","WUE_T","10",8.53619725566259,8.53619725566259,2
"US-KS4","SPEI_48","WUE_ET","3",1.43963009238513,1.43963009238513,1
"US-KS4","SPEI_48","WUE_ET","4",2.3286612523255,2.3286612523255,1
"US-KS4","SPEI_48","WUE_ET","5",2.97828560030015,2.97828560030015,1
"US-KS4","SPEI_48","WUE_ET","6",2.15635063762058,2.15635063762058,1
"US-KS4","SPEI_48","WUE_ET","7",2.01413936900852,2.01413936900852,1
"US-KS4","SPEI_48","WUE_ET","9",2.10417206371144,2.10417206371144,1
"US-KS4","SPEI_48","WUE_T","3",7.02486638082036,7.02486638082036,1
"US-KS4","SPEI_48","WUE_T","4",14.5899866077466,14.5899866077466,1
"US-KS4","SPEI_48","WUE_T","5",12.1586400118096,12.1586400118096,1
"US-KS4","SPEI_48","WUE_T","6",6.72016914877001,6.72016914877001,1
"US-KS4","SPEI_48","WUE_T","7",10.4131493084255,10.4131493084255,1
"US-KS4","SPEI_48","WUE_T","9",7.28338229116339,7.28338229116339,1
"US-LA2","SPEI_6","WUE_ET","3",0.94891835114121,0.94891835114121,1
"US-LA2","SPEI_6","WUE_ET","4",3.0991240133673,3.17011231261384,4
"US-LA2","SPEI_6","WUE_ET","5",3.10775645560798,2.93882017069543,4
"US-LA2","SPEI_6","WUE_ET","6",3.20584952740989,3.54899895327795,3
"US-LA2","SPEI_6","WUE_ET","7",3.41988407162604,3.2775331633532,3
"US-LA2","SPEI_6","WUE_ET","8",3.12266518792413,3.12266518792413,2
"US-LA2","SPEI_6","WUE_ET","9",2.58429870756377,2.58429870756377,2
"US-LA2","SPEI_6","WUE_ET","10",2.16181216173231,2.06606920653299,3
"US-LA2","SPEI_6","WUE_T","3",2.47374032650316,2.47374032650316,1
"US-LA2","SPEI_6","WUE_T","4",5.03172053222928,4.50702334686205,4
"US-LA2","SPEI_6","WUE_T","5",4.83464347631829,4.37572121618547,4
"US-LA2","SPEI_6","WUE_T","6",5.57353542463726,6.48546843785959,3
"US-LA2","SPEI_6","WUE_T","7",6.31385535342823,5.47268749832395,3
"US-LA2","SPEI_6","WUE_T","8",5.70242622256754,5.70242622256754,2
"US-LA2","SPEI_6","WUE_T","9",4.15670894768016,4.15670894768016,2
"US-LA2","SPEI_6","WUE_T","10",4.43027336664569,3.4947152483321,3
"US-LA2","SPEI_48","WUE_ET","3",0.931432402394904,0.931432402394904,2
"US-LA2","SPEI_48","WUE_ET","4",2.86017418967598,2.95998589689972,4
"US-LA2","SPEI_48","WUE_ET","5",3.09431122687541,2.91192971323029,4
"US-LA2","SPEI_48","WUE_ET","6",2.96976945285369,3.03427481447587,4
"US-LA2","SPEI_48","WUE_ET","7",3.14173655224504,3.18443932700807,4
"US-LA2","SPEI_48","WUE_ET","8",2.37989774555235,2.17773669545522,5
"US-LA2","SPEI_48","WUE_ET","9",2.07076214202194,1.96176537804842,5
"US-LA2","SPEI_48","WUE_ET","10",2.05302817568769,1.91806935022564,5
"US-LA2","SPEI_48","WUE_T","3",1.92313476351382,1.92313476351382,2
"US-LA2","SPEI_48","WUE_T","4",4.64771633318819,4.11567361179964,4
"US-LA2","SPEI_48","WUE_T","5",4.70965049194991,4.1257352474487,4
"US-LA2","SPEI_48","WUE_T","6",4.45557480868645,4.21268982634008,4
"US-LA2","SPEI_48","WUE_T","7",5.55751057254505,5.34163151614591,4
"US-LA2","SPEI_48","WUE_T","8",4.26464058991842,4.66624964303145,5
"US-LA2","SPEI_48","WUE_T","9",3.29435255765712,3.31104227906708,5
"US-LA2","SPEI_48","WUE_T","10",3.90720742240332,3.44771088323577,5
"US-LA3","SPEI_6","WUE_ET","3",2.99874214679558,2.99874214679558,1
"US-LA3","SPEI_6","WUE_ET","4",2.96606955637078,2.96606955637078,1
"US-LA3","SPEI_6","WUE_ET","5",2.0589377415788,2.0589377415788,1
"US-LA3","SPEI_6","WUE_ET","6",2.38305137406336,2.38305137406336,1
"US-LA3","SPEI_6","WUE_ET","7",2.32887857226909,2.32887857226909,2
"US-LA3","SPEI_6","WUE_ET","8",2.56878069335895,2.56878069335895,2
"US-LA3","SPEI_6","WUE_T","3",6.05875295085585,6.05875295085585,1
"US-LA3","SPEI_6","WUE_T","4",5.24584302034327,5.24584302034327,1
"US-LA3","SPEI_6","WUE_T","5",3.43994896298401,3.43994896298401,1
"US-LA3","SPEI_6","WUE_T","6",3.88611779060944,3.88611779060944,1
"US-LA3","SPEI_6","WUE_T","7",4.83183172410862,4.83183172410862,2
"US-LA3","SPEI_6","WUE_T","8",4.34442927145875,4.34442927145875,2
"US-LA3","SPEI_48","WUE_ET","3",2.54620616142363,2.99874214679558,3
"US-LA3","SPEI_48","WUE_ET","4",2.26556771046111,2.10557198364114,3
"US-LA3","SPEI_48","WUE_ET","5",2.31060824717327,2.0589377415788,3
"US-LA3","SPEI_48","WUE_ET","6",2.36613748519054,2.44985065855118,4
"US-LA3","SPEI_48","WUE_ET","7",2.37596541783897,2.3313765293332,4
"US-LA3","SPEI_48","WUE_ET","8",2.49540761484504,2.34866145781724,3
"US-LA3","SPEI_48","WUE_ET","9",2.03273103334622,2.03273103334622,1
"US-LA3","SPEI_48","WUE_ET","10",1.76681616899471,1.76681616899471,1
"US-LA3","SPEI_48","WUE_T","3",5.33501757983963,6.05875295085585,3
"US-LA3","SPEI_48","WUE_T","4",4.07858513532113,3.78490976185781,3
"US-LA3","SPEI_48","WUE_T","5",4.08107956338784,4.11106351331254,3
"US-LA3","SPEI_48","WUE_T","6",4.27876586867356,4.22542484738617,4
"US-LA3","SPEI_48","WUE_T","7",4.91753518268543,4.83183172410862,4
"US-LA3","SPEI_48","WUE_T","8",4.26454475559629,4.30590770870506,3
"US-LA3","SPEI_48","WUE_T","9",4.31810137573226,4.31810137573226,1
"US-LA3","SPEI_48","WUE_T","10",5.78298810880976,5.78298810880976,1
"US-MCP","SPEI_6","WUE_ET","3",2.52767090292335,2.52767090292335,2
"US-MCP","SPEI_6","WUE_ET","4",3.1102864604257,3.1102864604257,2
"US-MCP","SPEI_6","WUE_ET","5",4.7047095200503,4.7047095200503,2
"US-MCP","SPEI_6","WUE_ET","6",5.50968470779057,5.50968470779057,2
"US-MCP","SPEI_6","WUE_ET","7",5.32389524436133,5.45268164338937,3
"US-MCP","SPEI_6","WUE_ET","8",4.31367424798011,4.31367424798011,2
"US-MCP","SPEI_6","WUE_ET","9",4.51121709084105,4.51121709084105,2
"US-MCP","SPEI_6","WUE_T","3",5.60444164057696,5.60444164057696,2
"US-MCP","SPEI_6","WUE_T","4",6.61749451317973,6.61749451317973,2
"US-MCP","SPEI_6","WUE_T","5",8.48328005059095,8.48328005059095,2
"US-MCP","SPEI_6","WUE_T","6",9.95000606285065,9.95000606285065,2
"US-MCP","SPEI_6","WUE_T","7",9.11762084067655,9.85795326025103,3
"US-MCP","SPEI_6","WUE_T","8",7.60555242523701,7.60555242523701,2
"US-MCP","SPEI_6","WUE_T","9",6.70757392202036,6.70757392202036,2
"US-MCP","SPEI_48","WUE_ET","3",2.52767090292335,2.52767090292335,2
"US-MCP","SPEI_48","WUE_ET","4",3.1102864604257,3.1102864604257,2
"US-MCP","SPEI_48","WUE_ET","5",4.7047095200503,4.7047095200503,2
"US-MCP","SPEI_48","WUE_ET","6",4.75388487567538,4.94837243838123,3
"US-MCP","SPEI_48","WUE_ET","7",5.32389524436133,5.45268164338937,3
"US-MCP","SPEI_48","WUE_ET","8",4.46273598825727,4.48723983689626,3
"US-MCP","SPEI_48","WUE_ET","9",4.37624931831204,4.4063727424512,3
"US-MCP","SPEI_48","WUE_T","3",5.60444164057696,5.60444164057696,2
"US-MCP","SPEI_48","WUE_T","4",6.61749451317973,6.61749451317973,2
"US-MCP","SPEI_48","WUE_T","5",8.48328005059095,8.48328005059095,2
"US-MCP","SPEI_48","WUE_T","6",8.25800320623835,8.84780095326418,3
"US-MCP","SPEI_48","WUE_T","7",9.11762084067655,9.85795326025103,3
"US-MCP","SPEI_48","WUE_T","8",7.3956217043568,6.97576026259639,3
"US-MCP","SPEI_48","WUE_T","9",6.79258670856147,6.83407200629368,3
"US-MRf","SPEI_6","WUE_ET","3",6.05400411548394,6.27722290050949,5
"US-MRf","SPEI_6","WUE_ET","4",5.9381542006255,6.13213617036631,4
"US-MRf","SPEI_6","WUE_ET","5",6.56393049740429,7.09764979687544,4
"US-MRf","SPEI_6","WUE_ET","6",6.36372985584039,6.69227315875985,4
"US-MRf","SPEI_6","WUE_ET","7",5.00112941353447,4.98289802288576,5
"US-MRf","SPEI_6","WUE_ET","8",5.57578986253416,5.45865050257156,3
"US-MRf","SPEI_6","WUE_ET","9",4.57863052501406,4.15294861234242,3
"US-MRf","SPEI_6","WUE_ET","10",5.47067267014329,5.47067267014329,2
"US-MRf","SPEI_6","WUE_T","3",9.93766761669805,10.1330828499593,5
"US-MRf","SPEI_6","WUE_T","4",10.6484686935282,10.8337780778033,4
"US-MRf","SPEI_6","WUE_T","5",9.95715154967485,10.1173129541707,4
"US-MRf","SPEI_6","WUE_T","6",9.7977769849983,8.8304077931107,4
"US-MRf","SPEI_6","WUE_T","7",6.93036214160543,6.75108511803702,5
"US-MRf","SPEI_6","WUE_T","8",8.01748843316008,8.05778306543127,3
"US-MRf","SPEI_6","WUE_T","9",7.16442856287437,6.59718332311098,3
"US-MRf","SPEI_6","WUE_T","10",7.9963446850284,7.9963446850284,2
"US-MRf","SPEI_48","WUE_ET","3",5.91439135899709,6.16864651470889,4
"US-MRf","SPEI_48","WUE_ET","4",5.81661551578172,5.88905880067876,4
"US-MRf","SPEI_48","WUE_ET","5",6.38744792661628,6.66848609818818,5
"US-MRf","SPEI_48","WUE_ET","6",6.47162879223465,6.90322453781172,5
"US-MRf","SPEI_48","WUE_ET","7",5.00112941353447,4.98289802288576,5
"US-MRf","SPEI_48","WUE_ET","8",5.56989230002525,5.58389259894816,6
"US-MRf","SPEI_48","WUE_ET","9",4.4121385081938,4.15294861234242,5
"US-MRf","SPEI_48","WUE_ET","10",5.61773570898458,5.76479874782587,4
"US-MRf","SPEI_48","WUE_T","3",9.88881380838274,10.1394245646402,4
"US-MRf","SPEI_48","WUE_T","4",9.47830163410558,8.49344395895805,4
"US-MRf","SPEI_48","WUE_T","5",9.84730182769606,9.40790293978089,5
"US-MRf","SPEI_48","WUE_T","6",10.149931394285,9.73537476254214,5
"US-MRf","SPEI_48","WUE_T","7",6.93036214160543,6.75108511803702,5
"US-MRf","SPEI_48","WUE_T","8",8.2144238693028,8.15243138062577,6
"US-MRf","SPEI_48","WUE_T","9",7.42955123012441,6.59718332311098,5
"US-MRf","SPEI_48","WUE_T","10",9.29068630302089,9.4422652466218,4
"US-Myb","SPEI_6","WUE_ET","5",1.62975574812013,1.72810032746228,5
"US-Myb","SPEI_6","WUE_ET","6",1.6048996094014,1.46418207202016,4
"US-Myb","SPEI_6","WUE_ET","7",1.57940506935218,1.47665935218721,7
"US-Myb","SPEI_6","WUE_ET","8",1.64649404108996,1.75009789241876,8
"US-Myb","SPEI_6","WUE_ET","9",1.51487877576706,1.34330475362506,7
"US-Myb","SPEI_6","WUE_ET","10",1.39857808178219,1.46327776109601,7
"US-Myb","SPEI_6","WUE_T","5",2.62145881178161,2.62216924407061,5
"US-Myb","SPEI_6","WUE_T","6",2.47425587055755,2.36026948913234,4
"US-Myb","SPEI_6","WUE_T","7",2.40824988264851,2.28841815088218,7
"US-Myb","SPEI_6","WUE_T","8",2.56696545127348,2.56930880061286,8
"US-Myb","SPEI_6","WUE_T","9",2.66053611579914,2.66357679235203,7
"US-Myb","SPEI_6","WUE_T","10",2.68377685932359,2.72570591909663,7
"US-Myb","SPEI_48","WUE_ET","5",1.49024252540651,1.40093239410948,7
"US-Myb","SPEI_48","WUE_ET","6",1.68942123684195,1.71078193957468,7
"US-Myb","SPEI_48","WUE_ET","7",1.7259064081639,1.82045059505,6
"US-Myb","SPEI_48","WUE_ET","8",1.72861881943644,1.80466182456472,6
"US-Myb","SPEI_48","WUE_ET","9",1.45651295936944,1.33054988666527,7
"US-Myb","SPEI_48","WUE_ET","10",1.33134316601123,1.38167374589778,7
"US-Myb","SPEI_48","WUE_T","5",2.47965682487749,2.36620198730686,7
"US-Myb","SPEI_48","WUE_T","6",2.58149204345068,2.69323062499594,7
"US-Myb","SPEI_48","WUE_T","7",2.53822725227502,2.62504211127807,6
"US-Myb","SPEI_48","WUE_T","8",2.6451226746057,2.71777220115669,6
"US-Myb","SPEI_48","WUE_T","9",2.54514784267579,2.47301887084356,7
"US-Myb","SPEI_48","WUE_T","10",2.61465770738012,2.72570591909663,7
"US-NC4","SPEI_6","WUE_ET","4",1.73921164459785,1.62468109866351,9
"US-NC4","SPEI_6","WUE_ET","5",2.34689766430853,2.33057303570013,8
"US-NC4","SPEI_6","WUE_ET","6",2.370259008978,2.46408828059737,10
"US-NC4","SPEI_6","WUE_ET","7",2.10643994215147,2.06641099565027,10
"US-NC4","SPEI_6","WUE_ET","8",2.17785495628632,2.41710164228767,11
"US-NC4","SPEI_6","WUE_ET","9",1.77705530927931,1.85162210425924,11
"US-NC4","SPEI_6","WUE_T","4",2.65788495284332,2.42917937532406,9
"US-NC4","SPEI_6","WUE_T","5",3.12809490042398,3.12766004864559,8
"US-NC4","SPEI_6","WUE_T","6",3.10848774940874,3.13834316545323,10
"US-NC4","SPEI_6","WUE_T","7",2.8975179839407,2.95113990847069,10
"US-NC4","SPEI_6","WUE_T","8",2.95321528349102,3.17507117875642,11
"US-NC4","SPEI_6","WUE_T","9",2.6423466595608,2.9351838439824,11
"US-NC4","SPEI_48","WUE_ET","4",1.76599055034905,1.53992324111904,5
"US-NC4","SPEI_48","WUE_ET","5",2.44479886440467,2.40540024435788,4
"US-NC4","SPEI_48","WUE_ET","6",2.57552218382934,2.64767890664866,4
"US-NC4","SPEI_48","WUE_ET","7",2.17391065152186,2.0188962134511,5
"US-NC4","SPEI_48","WUE_ET","8",2.21990751219501,2.32227725169773,6
"US-NC4","SPEI_48","WUE_ET","9",1.82603447772885,1.93464603932667,6
"US-NC4","SPEI_48","WUE_T","4",2.916076976492,2.42917937532406,5
"US-NC4","SPEI_48","WUE_T","5",3.37974336708256,3.22643192107981,4
"US-NC4","SPEI_48","WUE_T","6",3.50931310401522,3.62255960625674,4
"US-NC4","SPEI_48","WUE_T","7",3.09197260729669,3.06098020359559,5
"US-NC4","SPEI_48","WUE_T","8",3.16500534230585,3.2590646068348,6
"US-NC4","SPEI_48","WUE_T","9",2.76649810095075,3.00076905272279,6
"US-NGC","SPEI_6","WUE_ET","5",1.45483200348378,1.45483200348378,1
"US-NGC","SPEI_6","WUE_ET","6",2.24529114204007,2.24529114204007,2
"US-NGC","SPEI_6","WUE_ET","7",2.4564549205932,2.4564549205932,2
"US-NGC","SPEI_6","WUE_ET","8",2.22455249316427,2.35268226414028,3
"US-NGC","SPEI_6","WUE_T","5",7.84721393074932,7.84721393074932,1
"US-NGC","SPEI_6","WUE_T","6",7.18685983027508,7.18685983027508,2
"US-NGC","SPEI_6","WUE_T","7",5.85713216733495,5.85713216733495,2
"US-NGC","SPEI_6","WUE_T","8",6.35797892188534,5.08591513939845,3
"US-NGC","SPEI_48","WUE_ET","5",2.04251152540733,2.04251152540733,1
"US-NGC","SPEI_48","WUE_ET","6",1.96996818512051,1.96996818512051,1
"US-NGC","SPEI_48","WUE_ET","7",2.88285879214208,2.88285879214208,1
"US-NGC","SPEI_48","WUE_ET","8",2.97211346635419,2.97211346635419,1
"US-NGC","SPEI_48","WUE_T","5",6.75354295066867,6.75354295066867,1
"US-NGC","SPEI_48","WUE_T","6",5.39872920827763,5.39872920827763,1
"US-NGC","SPEI_48","WUE_T","7",6.35452942554922,6.35452942554922,1
"US-NGC","SPEI_48","WUE_T","8",7.20732090412,7.20732090412,1
"US-ONA","SPEI_6","WUE_ET","3",2.30471741715272,2.15409412260436,3
"US-ONA","SPEI_6","WUE_ET","4",2.08114421018057,2.10725489616316,5
"US-ONA","SPEI_6","WUE_ET","5",1.67545826488982,1.75233625994237,4
"US-ONA","SPEI_6","WUE_ET","6",1.75934882283168,1.77125099135807,4
"US-ONA","SPEI_6","WUE_ET","7",1.82254798658717,1.76510358684516,5
"US-ONA","SPEI_6","WUE_ET","8",1.86792307629264,1.94285397884184,5
"US-ONA","SPEI_6","WUE_ET","9",1.80388059034065,1.80041992221314,6
"US-ONA","SPEI_6","WUE_T","3",6.00150507163736,6.16124442979481,3
"US-ONA","SPEI_6","WUE_T","4",5.02312035725413,5.18898896550905,5
"US-ONA","SPEI_6","WUE_T","5",4.11977995417655,4.11587986186886,4
"US-ONA","SPEI_6","WUE_T","6",3.66288190699722,3.48306698305402,4
"US-ONA","SPEI_6","WUE_T","7",3.72519150814314,3.47221383750615,5
"US-ONA","SPEI_6","WUE_T","8",3.39072616904327,3.43773679872219,5
"US-ONA","SPEI_6","WUE_T","9",3.41185226069604,3.23846209304016,6
"US-ONA","SPEI_48","WUE_ET","3",2.33279972104274,2.28557037765859,4
"US-ONA","SPEI_48","WUE_ET","4",2.08114421018057,2.10725489616316,5
"US-ONA","SPEI_48","WUE_ET","5",1.74770697497723,1.8427236515968,6
"US-ONA","SPEI_48","WUE_ET","6",1.72686292370227,1.76058149844284,6
"US-ONA","SPEI_48","WUE_ET","7",1.83952802982482,1.84476591642911,6
"US-ONA","SPEI_48","WUE_ET","8",1.83199808068711,1.82565508280759,6
"US-ONA","SPEI_48","WUE_ET","9",1.81272676361874,1.84620225218682,7
"US-ONA","SPEI_48","WUE_T","3",6.20809215163327,6.22849591590411,4
"US-ONA","SPEI_48","WUE_T","4",5.02312035725413,5.18898896550905,5
"US-ONA","SPEI_48","WUE_T","5",4.09874971278277,4.05668922999521,6
"US-ONA","SPEI_48","WUE_T","6",3.72636901238118,3.74086304270022,6
"US-ONA","SPEI_48","WUE_T","7",3.66385188418143,3.4146838009395,6
"US-ONA","SPEI_48","WUE_T","8",3.34332148475075,3.37202694804925,6
"US-ONA","SPEI_48","WUE_T","9",3.49539666340121,3.39566186867988,7
"US-OPE","SPEI_6","WUE_ET","7",4.70109786903502,4.70109786903502,1
"US-OPE","SPEI_6","WUE_ET","8",4.70785385302411,4.70785385302411,1
"US-OPE","SPEI_6","WUE_ET","9",4.12341828350214,4.12341828350214,1
"US-OPE","SPEI_6","WUE_T","7",7.888262894403,7.888262894403,1
"US-OPE","SPEI_6","WUE_T","8",7.51480198170129,7.51480198170129,1
"US-OPE","SPEI_6","WUE_T","9",8.08000821067392,8.08000821067392,1
"US-OPE","SPEI_48","WUE_ET","7",4.70109786903502,4.70109786903502,1
"US-OPE","SPEI_48","WUE_ET","8",4.70785385302411,4.70785385302411,1
"US-OPE","SPEI_48","WUE_ET","9",4.12341828350214,4.12341828350214,1
"US-OPE","SPEI_48","WUE_T","7",7.888262894403,7.888262894403,1
"US-OPE","SPEI_48","WUE_T","8",7.51480198170129,7.51480198170129,1
"US-OPE","SPEI_48","WUE_T","9",8.08000821067392,8.08000821067392,1
"US-PAS","SPEI_6","WUE_ET","5",2.91841125255048,2.91841125255048,1
"US-PAS","SPEI_6","WUE_ET","9",2.82318278123847,2.82318278123847,2
"US-PAS","SPEI_6","WUE_ET","10",2.8198007283013,2.8198007283013,1
"US-PAS","SPEI_6","WUE_T","5",4.41789731659313,4.41789731659313,1
"US-PAS","SPEI_6","WUE_T","9",6.188150660991,6.188150660991,2
"US-PAS","SPEI_6","WUE_T","10",5.12991982555712,5.12991982555712,1
"US-PAS","SPEI_48","WUE_ET","5",3.06627036584796,3.06627036584796,2
"US-PAS","SPEI_48","WUE_ET","6",3.271617346846,3.271617346846,1
"US-PAS","SPEI_48","WUE_ET","7",3.8386891284583,3.8386891284583,1
"US-PAS","SPEI_48","WUE_ET","8",3.35980542617045,3.35980542617045,1
"US-PAS","SPEI_48","WUE_ET","9",2.82318278123847,2.82318278123847,2
"US-PAS","SPEI_48","WUE_ET","10",2.62142866647137,2.62142866647137,2
"US-PAS","SPEI_48","WUE_T","5",4.95682540750742,4.95682540750742,2
"US-PAS","SPEI_48","WUE_T","6",4.7691992777074,4.7691992777074,1
"US-PAS","SPEI_48","WUE_T","7",6.31166131081145,6.31166131081145,1
"US-PAS","SPEI_48","WUE_T","8",6.41060727540332,6.41060727540332,1
"US-PAS","SPEI_48","WUE_T","9",6.188150660991,6.188150660991,2
"US-PAS","SPEI_48","WUE_T","10",5.58744418126679,5.58744418126679,2
"US-PHM","SPEI_6","WUE_ET","5",1.31777596102072,1.31777596102072,2
"US-PHM","SPEI_6","WUE_ET","6",1.69490180920605,1.71957455537133,4
"US-PHM","SPEI_6","WUE_ET","7",1.95988756360735,1.90087722392656,5
"US-PHM","SPEI_6","WUE_ET","8",1.82190409311429,1.85601394177057,4
"US-PHM","SPEI_6","WUE_ET","9",1.61376173744524,1.59960299465921,5
"US-PHM","SPEI_6","WUE_T","5",2.2128071695035,2.2128071695035,2
"US-PHM","SPEI_6","WUE_T","6",2.59992473015607,2.60674433324819,4
"US-PHM","SPEI_6","WUE_T","7",2.73547860531515,2.71215933723408,5
"US-PHM","SPEI_6","WUE_T","8",2.63732676490706,2.62083096495303,4
"US-PHM","SPEI_6","WUE_T","9",2.64143505197646,2.54737574557902,5
"US-PHM","SPEI_48","WUE_ET","5",1.31777596102072,1.31777596102072,2
"US-PHM","SPEI_48","WUE_ET","6",1.70682355406152,1.8020553506129,6
"US-PHM","SPEI_48","WUE_ET","7",2.02682787237229,2.13791992693506,5
"US-PHM","SPEI_48","WUE_ET","8",1.82190409311429,1.85601394177057,4
"US-PHM","SPEI_48","WUE_ET","9",1.62897099186096,1.62876183687566,4
"US-PHM","SPEI_48","WUE_T","5",2.2128071695035,2.2128071695035,2
"US-PHM","SPEI_48","WUE_T","6",2.55089487458548,2.52510778305896,6
"US-PHM","SPEI_48","WUE_T","7",2.78313090518358,2.89445222936671,5
"US-PHM","SPEI_48","WUE_T","8",2.63732676490706,2.62083096495303,4
"US-PHM","SPEI_48","WUE_T","9",2.63376963022898,2.54302572737142,4
"US-RRC","SPEI_6","WUE_ET","4",0.721463178255453,0.721463178255453,2
"US-RRC","SPEI_6","WUE_ET","5",1.61456072717049,1.61456072717049,2
"US-RRC","SPEI_6","WUE_ET","6",1.76705996222228,1.70738554432653,4
"US-RRC","SPEI_6","WUE_ET","7",2.09496009546354,2.15171016492217,3
"US-RRC","SPEI_6","WUE_ET","8",1.83116468632709,1.84370898190793,4
"US-RRC","SPEI_6","WUE_ET","9",1.40008450458754,1.26039508437668,3
"US-RRC","SPEI_6","WUE_T","4",0.996714640903812,0.996714640903812,2
"US-RRC","SPEI_6","WUE_T","5",2.00261479167517,2.00261479167517,2
"US-RRC","SPEI_6","WUE_T","6",2.05642654160222,1.98779166570934,4
"US-RRC","SPEI_6","WUE_T","7",2.46586724324129,2.47897759286832,3
"US-RRC","SPEI_6","WUE_T","8",2.11311141344996,2.12369625188719,4
"US-RRC","SPEI_6","WUE_T","9",1.66279566848183,1.41820818162094,3
"US-RRC","SPEI_48","WUE_ET","4",0.781629824356508,0.781629824356508,1
"US-RRC","SPEI_48","WUE_ET","5",1.75106723302688,1.68519964229024,3
"US-RRC","SPEI_48","WUE_ET","6",1.81362460670506,1.74135139124804,3
"US-RRC","SPEI_48","WUE_ET","7",2.05619302092434,2.04580098111445,4
"US-RRC","SPEI_48","WUE_ET","8",1.91330042262056,1.97720675761464,3
"US-RRC","SPEI_48","WUE_ET","9",1.40008450458754,1.26039508437668,3
"US-RRC","SPEI_48","WUE_T","4",1.05113679546074,1.05113679546074,1
"US-RRC","SPEI_48","WUE_T","5",2.19775389012002,2.09954221789063,3
"US-RRC","SPEI_48","WUE_T","6",2.13785861288276,2.07827802294741,3
"US-RRC","SPEI_48","WUE_T","7",2.46320883284639,2.46710559726501,4
"US-RRC","SPEI_48","WUE_T","8",2.22274342459233,2.25150423144325,3
"US-RRC","SPEI_48","WUE_T","9",1.66279566848183,1.41820818162094,3
"US-SCg","SPEI_6","WUE_ET","2",2.76331987998542,2.72141518241071,7
"US-SCg","SPEI_6","WUE_ET","3",2.80260234315908,2.66228033068956,8
"US-SCg","SPEI_6","WUE_ET","4",2.67464042448184,2.85875131483134,7
"US-SCg","SPEI_6","WUE_ET","5",1.50697171521825,1.50697171521825,2
"US-SCg","SPEI_6","WUE_T","2",9.13494407750457,10.6402325427124,7
"US-SCg","SPEI_6","WUE_T","3",8.3228444806686,6.62028806065382,8
"US-SCg","SPEI_6","WUE_T","4",7.92116651337586,5.84600723927552,7
"US-SCg","SPEI_6","WUE_T","5",2.84825496490809,2.84825496490809,2
"US-SCg","SPEI_48","WUE_ET","2",2.60176838599352,2.69904985573248,6
"US-SCg","SPEI_48","WUE_ET","3",2.67782178636214,2.76310741021984,7
"US-SCg","SPEI_48","WUE_ET","4",2.49423720263377,2.85875131483134,5
"US-SCg","SPEI_48","WUE_ET","5",0.565113400619368,0.565113400619368,1
"US-SCg","SPEI_48","WUE_T","2",10.8600128793989,11.4026965432891,6
"US-SCg","SPEI_48","WUE_T","3",11.3273179486856,10.4061401371606,7
"US-SCg","SPEI_48","WUE_T","4",8.50143278545226,5.5090840697613,5
"US-SCg","SPEI_48","WUE_T","5",1.44965936307932,1.44965936307932,1
"US-SCs","SPEI_6","WUE_ET","3",4.02617803441549,3.44126587846771,5
"US-SCs","SPEI_6","WUE_ET","4",3.90472315461665,3.8284973041764,6
"US-SCs","SPEI_6","WUE_ET","5",4.48638482596567,4.43729596860382,3
"US-SCs","SPEI_6","WUE_ET","6",3.60012482745638,3.60012482745638,2
"US-SCs","SPEI_6","WUE_T","3",8.96464522916038,7.36246738479274,5
"US-SCs","SPEI_6","WUE_T","4",11.3322867894148,9.4782105535975,6
"US-SCs","SPEI_6","WUE_T","5",10.2968493671056,7.83888021867909,3
"US-SCs","SPEI_6","WUE_T","6",8.47637483486628,8.47637483486628,2
"US-SCs","SPEI_48","WUE_ET","3",4.28684888151651,4.05864224829374,4
"US-SCs","SPEI_48","WUE_ET","4",3.49363270237172,3.36612251992403,4
"US-SCs","SPEI_48","WUE_ET","5",4.2197373864255,4.2197373864255,2
"US-SCs","SPEI_48","WUE_ET","6",3.60012482745638,3.60012482745638,2
"US-SCs","SPEI_48","WUE_T","3",10.2593527531447,10.5498169223372,4
"US-SCs","SPEI_48","WUE_T","4",10.7340706923931,8.52695242404453,4
"US-SCs","SPEI_48","WUE_T","5",7.5251820591801,7.5251820591801,2
"US-SCs","SPEI_48","WUE_T","6",8.47637483486628,8.47637483486628,2
"US-Skr","SPEI_6","WUE_ET","2",1.94446745534177,2.07282773811224,5
"US-Skr","SPEI_6","WUE_ET","3",1.78748831292448,1.75135181418664,4
"US-Skr","SPEI_6","WUE_ET","4",1.73620286562366,1.59432243433227,8
"US-Skr","SPEI_6","WUE_ET","5",1.74428055331177,1.61384839450448,8
"US-Skr","SPEI_6","WUE_ET","6",1.27717162988635,1.22663533685168,7
"US-Skr","SPEI_6","WUE_ET","7",1.34145557270269,1.30210158759792,7
"US-Skr","SPEI_6","WUE_ET","8",1.38287432862883,1.32470731597012,8
"US-Skr","SPEI_6","WUE_ET","9",1.36257927396187,1.35571856110511,10
"US-Skr","SPEI_6","WUE_ET","10",1.35197275902171,1.33518130495542,5
"US-Skr","SPEI_6","WUE_T","2",2.90576538673186,3.04068038810049,5
"US-Skr","SPEI_6","WUE_T","3",2.50086118761864,2.36592497412316,4
"US-Skr","SPEI_6","WUE_T","4",2.5109905837356,2.2021924583556,8
"US-Skr","SPEI_6","WUE_T","5",2.57468510314765,2.42903613376045,8
"US-Skr","SPEI_6","WUE_T","6",1.83751020818494,1.90038095362236,7
"US-Skr","SPEI_6","WUE_T","7",1.95553092827657,1.91034574702242,7
"US-Skr","SPEI_6","WUE_T","8",1.97455040051962,1.8531605200004,8
"US-Skr","SPEI_6","WUE_T","9",1.95264674086614,1.87935558510758,10
"US-Skr","SPEI_6","WUE_T","10",1.87844876865239,1.84602289648082,5
"US-Skr","SPEI_48","WUE_ET","2",1.90051668265645,1.85307387468566,5
"US-Skr","SPEI_48","WUE_ET","3",1.78917021152902,1.75135181418664,6
"US-Skr","SPEI_48","WUE_ET","4",1.95654159102962,1.84067477320328,7
"US-Skr","SPEI_48","WUE_ET","5",2.14476068080829,2.1451734608746,6
"US-Skr","SPEI_48","WUE_ET","6",1.58088219197085,1.52280666264451,6
"US-Skr","SPEI_48","WUE_ET","7",1.5838076799275,1.63393198892884,7
"US-Skr","SPEI_48","WUE_ET","8",1.43086190196944,1.37876727158151,8
"US-Skr","SPEI_48","WUE_ET","9",1.3805376651587,1.34153509715446,8
"US-Skr","SPEI_48","WUE_ET","10",1.50847332996837,1.3825407243528,6
"US-Skr","SPEI_48","WUE_T","2",2.86373834333062,2.8305451710943,5
"US-Skr","SPEI_48","WUE_T","3",2.49324201346308,2.36592497412316,6
"US-Skr","SPEI_48","WUE_T","4",2.74004629749497,2.45543693034642,7
"US-Skr","SPEI_48","WUE_T","5",3.04817675523901,3.00649238479508,6
"US-Skr","SPEI_48","WUE_T","6",2.34810309442236,2.19273182649599,6
"US-Skr","SPEI_48","WUE_T","7",2.50723284424149,2.51807755124709,7
"US-Skr","SPEI_48","WUE_T","8",2.05456841184265,1.95267560680552,8
"US-Skr","SPEI_48","WUE_T","9",1.9648140908077,1.87935558510758,8
"US-Skr","SPEI_48","WUE_T","10",2.12936848182932,1.87421116606424,6
"US-Slt","SPEI_6","WUE_ET","5",1.27533111607979,0.409830908475881,11
"US-Slt","SPEI_6","WUE_ET","6",1.66739197357522,2.17913423208253,12
"US-Slt","SPEI_6","WUE_ET","7",1.5058956518686,1.90173006084607,12
"US-Slt","SPEI_6","WUE_ET","8",1.14342351926946,0.315848078908679,8
"US-Slt","SPEI_6","WUE_ET","9",1.54369355406725,2.15001100853353,11
"US-Slt","SPEI_6","WUE_T","5",1.62918284968335,0.58179041859727,11
"US-Slt","SPEI_6","WUE_T","6",2.04989502042565,2.67741333855172,12
"US-Slt","SPEI_6","WUE_T","7",1.96316633292529,2.70279759553796,12
"US-Slt","SPEI_6","WUE_T","8",1.4593491622122,0.416037942485462,8
"US-Slt","SPEI_6","WUE_T","9",2.06669434061779,2.53608175563249,11
"US-Slt","SPEI_48","WUE_ET","5",1.85376787006008,1.98969048192678,11
"US-Slt","SPEI_48","WUE_ET","6",2.09172391233329,2.61710259215483,10
"US-Slt","SPEI_48","WUE_ET","7",1.87092612308224,2.5293295605267,11
"US-Slt","SPEI_48","WUE_ET","8",1.67774579560816,2.23723058349619,11
"US-Slt","SPEI_48","WUE_ET","9",1.76031760256102,2.25632632456008,11
"US-Slt","SPEI_48","WUE_T","5",2.37232300192326,2.48805727714142,11
"US-Slt","SPEI_48","WUE_T","6",2.5783680051715,3.02690923486394,10
"US-Slt","SPEI_48","WUE_T","7",2.33865845719307,3.0247075462091,11
"US-Slt","SPEI_48","WUE_T","8",2.08870093162092,2.72308255461742,11
"US-Slt","SPEI_48","WUE_T","9",2.31696169592268,2.73512835172779,11
"US-Snd","SPEI_6","WUE_ET","3",2.35184466183712,2.34719824961271,5
"US-Snd","SPEI_6","WUE_ET","4",2.3306432975719,2.30285432186326,5
"US-Snd","SPEI_6","WUE_ET","5",2.40265775538587,2.65509359816168,4
"US-Snd","SPEI_6","WUE_ET","6",2.02169549846493,2.13506849382976,5
"US-Snd","SPEI_6","WUE_ET","7",2.03164981863379,2.1473534811163,5
"US-Snd","SPEI_6","WUE_ET","8",2.16808932248219,1.98084177562846,5
"US-Snd","SPEI_6","WUE_ET","9",1.87944107177617,1.95590100279825,4
"US-Snd","SPEI_6","WUE_T","3",3.69617913861945,3.56360805828709,5
"US-Snd","SPEI_6","WUE_T","4",3.5167671667877,3.59564425144421,5
"US-Snd","SPEI_6","WUE_T","5",4.02825353647622,4.01327666582436,4
"US-Snd","SPEI_6","WUE_T","6",3.86327087402068,3.7542230494386,5
"US-Snd","SPEI_6","WUE_T","7",3.81902303333615,3.87177560711,5
"US-Snd","SPEI_6","WUE_T","8",3.99665479259319,3.94374157535229,5
"US-Snd","SPEI_6","WUE_T","9",3.92286585259433,3.97608072468014,4
"US-Snd","SPEI_48","WUE_ET","3",2.2885778038747,2.29199611213597,6
"US-Snd","SPEI_48","WUE_ET","4",2.37098347524877,2.60735499046464,7
"US-Snd","SPEI_48","WUE_ET","5",2.28962293339427,2.33528395032997,8
"US-Snd","SPEI_48","WUE_ET","6",1.98821838673033,2.1075193017455,8
"US-Snd","SPEI_48","WUE_ET","7",1.86387245260309,1.77335844816368,7
"US-Snd","SPEI_48","WUE_ET","8",1.92670950864682,1.90978511876945,7
"US-Snd","SPEI_48","WUE_ET","9",1.90411639050969,1.96404179688994,8
"US-Snd","SPEI_48","WUE_T","3",3.69995909709777,3.77849757203767,6
"US-Snd","SPEI_48","WUE_T","4",3.70807030253175,3.60956721721665,7
"US-Snd","SPEI_48","WUE_T","5",3.86484128076084,3.64477681662315,8
"US-Snd","SPEI_48","WUE_T","6",3.79280630019641,3.61825943343374,8
"US-Snd","SPEI_48","WUE_T","7",3.66523099888805,3.77788132436325,7
"US-Snd","SPEI_48","WUE_T","8",3.93575557906903,3.94374157535229,7
"US-Snd","SPEI_48","WUE_T","9",3.9903041648395,4.0063376030255,8
"US-Sne","SPEI_6","WUE_ET","4",0.490711423711701,0.490711423711701,2
"US-Sne","SPEI_6","WUE_ET","5",0.571870791096405,0.571870791096405,2
"US-Sne","SPEI_6","WUE_ET","6",1.029770684012,1.029770684012,2
"US-Sne","SPEI_6","WUE_ET","7",0.414630362652452,0.414630362652452,1
"US-Sne","SPEI_6","WUE_ET","8",0.402951085976906,0.402951085976906,2
"US-Sne","SPEI_6","WUE_ET","9",0.519098053609316,0.519098053609316,1
"US-Sne","SPEI_6","WUE_ET","10",0.309442802765616,0.309442802765616,2
"US-Sne","SPEI_6","WUE_T","4",0.914933180414996,0.914933180414996,2
"US-Sne","SPEI_6","WUE_T","5",1.04768677234857,1.04768677234857,2
"US-Sne","SPEI_6","WUE_T","6",1.89103589412662,1.89103589412662,2
"US-Sne","SPEI_6","WUE_T","7",0.867974407432159,0.867974407432159,1
"US-Sne","SPEI_6","WUE_T","8",0.972478325102873,0.972478325102873,2
"US-Sne","SPEI_6","WUE_T","9",1.33489512813013,1.33489512813013,1
"US-Sne","SPEI_6","WUE_T","10",1.25352813974319,1.25352813974319,2
"US-Sne","SPEI_48","WUE_ET","6",1.73517401794317,1.73517401794317,1
"US-Sne","SPEI_48","WUE_T","6",3.16584306093757,3.16584306093757,1
"US-SO2","SPEI_6","WUE_ET","4",1.40943574742791,1.23120865803791,5
"US-SO2","SPEI_6","WUE_ET","5",1.96147185872129,2.21486745067169,6
"US-SO2","SPEI_6","WUE_ET","6",1.75279793055493,1.99950331485848,5
"US-SO2","SPEI_6","WUE_ET","7",1.34159384235282,1.25857015387409,4
"US-SO2","SPEI_6","WUE_ET","8",0.914196916565309,0.914196916565309,1
"US-SO2","SPEI_6","WUE_T","4",5.63933839704006,4.27313406067144,5
"US-SO2","SPEI_6","WUE_T","5",5.63349811741525,5.44258216361578,6
"US-SO2","SPEI_6","WUE_T","6",8.52922928616601,6.75008658533668,5
"US-SO2","SPEI_6","WUE_T","7",9.05784560840107,7.45730483413977,4
"US-SO2","SPEI_6","WUE_T","8",2.65222250206305,2.65222250206305,1
"US-SO2","SPEI_48","WUE_ET","4",1.37882455176719,1.22848861575076,6
"US-SO2","SPEI_48","WUE_ET","5",1.88765702957643,2.03172996903033,7
"US-SO2","SPEI_48","WUE_ET","6",1.72666876930516,1.7977631389574,6
"US-SO2","SPEI_48","WUE_ET","7",1.25561278572205,0.911688559198955,5
"US-SO2","SPEI_48","WUE_ET","8",1.16619150782425,1.16619150782425,2
"US-SO2","SPEI_48","WUE_T","4",5.06237390892774,3.87875227982818,6
"US-SO2","SPEI_48","WUE_T","5",5.37865895762476,4.78713999043812,7
"US-SO2","SPEI_48","WUE_T","6",8.72977222020597,6.88749750116579,6
"US-SO2","SPEI_48","WUE_T","7",8.24253528253725,5.04646491428051,5
"US-SO2","SPEI_48","WUE_T","8",4.93352248767907,4.93352248767907,2
"US-SO3","SPEI_6","WUE_ET","3",0.562556226411322,0.463128222392634,4
"US-SO3","SPEI_6","WUE_ET","4",0.82178646551634,0.769613279225238,4
"US-SO3","SPEI_6","WUE_ET","5",0.912193749407035,1.07779399860336,3
"US-SO3","SPEI_6","WUE_ET","6",0.680160300882586,0.680160300882586,2
"US-SO3","SPEI_6","WUE_ET","7",0.668483719381555,0.445012914573379,3
"US-SO3","SPEI_6","WUE_T","3",2.5261884510128,2.69614003757018,4
"US-SO3","SPEI_6","WUE_T","4",2.7637787386371,2.3123813811249,4
"US-SO3","SPEI_6","WUE_T","5",4.83622361408684,3.93988505045184,3
"US-SO3","SPEI_6","WUE_T","6",2.97765331272493,2.97765331272493,2
"US-SO3","SPEI_6","WUE_T","7",4.43623512983466,2.49766863535231,3
"US-SO3","SPEI_48","WUE_ET","3",0.584514087221972,0.507598521779058,6
"US-SO3","SPEI_48","WUE_ET","4",0.849432060858241,0.893617931033342,6
"US-SO3","SPEI_48","WUE_ET","5",0.972985596892586,1.1165775689763,4
"US-SO3","SPEI_48","WUE_ET","6",0.680160300882586,0.680160300882586,2
"US-SO3","SPEI_48","WUE_ET","7",0.668483719381555,0.445012914573379,3
"US-SO3","SPEI_48","WUE_T","3",2.50355464215956,2.69614003757018,6
"US-SO3","SPEI_48","WUE_T","4",3.13468476829732,2.32997345090071,6
"US-SO3","SPEI_48","WUE_T","5",4.49709229875867,3.70979170161299,4
"US-SO3","SPEI_48","WUE_T","6",2.97765331272493,2.97765331272493,2
"US-SO3","SPEI_48","WUE_T","7",4.43623512983466,2.49766863535231,3
"US-SO4","SPEI_6","WUE_ET","4",1.75912928485284,1.75912928485284,2
"US-SO4","SPEI_6","WUE_ET","5",1.63382463310004,1.63382463310004,1
"US-SO4","SPEI_6","WUE_ET","7",1.2815719391836,1.2815719391836,1
"US-SO4","SPEI_6","WUE_ET","8",0.914114741451497,0.914114741451497,1
"US-SO4","SPEI_6","WUE_T","4",13.2061693956955,13.2061693956955,2
"US-SO4","SPEI_6","WUE_T","5",9.84266467922503,9.84266467922503,1
"US-SO4","SPEI_6","WUE_T","7",10.8264164672113,10.8264164672113,1
"US-SO4","SPEI_6","WUE_T","8",3.57786617226737,3.57786617226737,1
"US-SO4","SPEI_48","WUE_ET","4",1.76373753490931,1.77295403502225,3
"US-SO4","SPEI_48","WUE_ET","5",1.70571043379475,1.70571043379475,2
"US-SO4","SPEI_48","WUE_ET","6",2.11799244201234,2.11799244201234,1
"US-SO4","SPEI_48","WUE_ET","7",1.2815719391836,1.2815719391836,1
"US-SO4","SPEI_48","WUE_ET","8",0.914114741451497,0.914114741451497,1
"US-SO4","SPEI_48","WUE_T","4",10.9332712261188,9.19788148226614,3
"US-SO4","SPEI_48","WUE_T","5",8.83682619145855,8.83682619145855,2
"US-SO4","SPEI_48","WUE_T","6",17.9173349842262,17.9173349842262,1
"US-SO4","SPEI_48","WUE_T","7",10.8264164672113,10.8264164672113,1
"US-SO4","SPEI_48","WUE_T","8",3.57786617226737,3.57786617226737,1
"US-StJ","SPEI_6","WUE_ET","5",3.22894287077664,3.04455968952507,6
"US-StJ","SPEI_6","WUE_ET","6",3.20496182060061,3.26815558132447,4
"US-StJ","SPEI_6","WUE_ET","7",3.95754402774498,3.98552589315965,5
"US-StJ","SPEI_6","WUE_ET","8",3.92925561087419,3.58460266610024,5
"US-StJ","SPEI_6","WUE_ET","9",3.76691662841252,3.63817995633807,5
"US-StJ","SPEI_6","WUE_T","5",6.98543755621978,6.54550766484817,6
"US-StJ","SPEI_6","WUE_T","6",5.25082862381908,5.26487246119346,4
"US-StJ","SPEI_6","WUE_T","7",6.08989798643648,6.53871491212232,5
"US-StJ","SPEI_6","WUE_T","8",6.69004050030858,6.81833980219203,5
"US-StJ","SPEI_6","WUE_T","9",8.30173818319684,8.31212672718332,5
"US-StJ","SPEI_48","WUE_ET","5",3.247331200631,2.95211815754531,5
"US-StJ","SPEI_48","WUE_ET","6",3.48576685861019,3.21942677754017,5
"US-StJ","SPEI_48","WUE_ET","7",4.19941519013108,4.24924250848177,5
"US-StJ","SPEI_48","WUE_ET","8",4.07112794942199,4.27383390190727,5
"US-StJ","SPEI_48","WUE_ET","9",3.86027956520629,4.04164338731404,5
"US-StJ","SPEI_48","WUE_T","5",7.21118227232107,7.23430135398302,5
"US-StJ","SPEI_48","WUE_T","6",5.55747246303461,5.48056905586947,5
"US-StJ","SPEI_48","WUE_T","7",6.53492732552212,6.5429603561666,5
"US-StJ","SPEI_48","WUE_T","8",6.943380640605,6.81833980219203,5
"US-StJ","SPEI_48","WUE_T","9",8.36695536722426,8.31212672718332,5
"US-StS","SPEI_6","WUE_ET","6",1.7232397746144,1.7232397746144,1
"US-StS","SPEI_6","WUE_ET","7",1.50200595103047,1.50200595103047,1
"US-StS","SPEI_6","WUE_ET","8",1.60036604171278,1.60036604171278,1
"US-StS","SPEI_6","WUE_T","6",2.34272970072795,2.34272970072795,1
"US-StS","SPEI_6","WUE_T","7",2.06197071464048,2.06197071464048,1
"US-StS","SPEI_6","WUE_T","8",2.11822320189961,2.11822320189961,1
"US-StS","SPEI_48","WUE_ET","6",1.7232397746144,1.7232397746144,1
"US-StS","SPEI_48","WUE_ET","7",1.50200595103047,1.50200595103047,1
"US-StS","SPEI_48","WUE_ET","8",1.60036604171278,1.60036604171278,1
"US-StS","SPEI_48","WUE_T","6",2.34272970072795,2.34272970072795,1
"US-StS","SPEI_48","WUE_T","7",2.06197071464048,2.06197071464048,1
"US-StS","SPEI_48","WUE_T","8",2.11822320189961,2.11822320189961,1
"US-TaS","SPEI_6","WUE_ET","4",0.698446783661993,0.697229687564201,4
"US-TaS","SPEI_6","WUE_ET","5",0.683029685228564,0.683029685228564,1
"US-TaS","SPEI_6","WUE_ET","6",0.619169101660952,0.634427631723265,3
"US-TaS","SPEI_6","WUE_ET","7",0.775625897403934,0.775625897403934,1
"US-TaS","SPEI_6","WUE_ET","8",0.581511492636944,0.581511492636944,2
"US-TaS","SPEI_6","WUE_T","4",3.35037626306405,3.5199680589852,4
"US-TaS","SPEI_6","WUE_T","5",3.06027478743328,3.06027478743328,1
"US-TaS","SPEI_6","WUE_T","6",3.02509842135915,2.69999653507728,3
"US-TaS","SPEI_6","WUE_T","7",3.37974723909997,3.37974723909997,1
"US-TaS","SPEI_6","WUE_T","8",2.70060180576012,2.70060180576012,2
"US-TaS","SPEI_48","WUE_ET","4",0.774202159886014,0.774202159886014,2
"US-TaS","SPEI_48","WUE_ET","5",0.83757187123584,0.83757187123584,2
"US-TaS","SPEI_48","WUE_ET","8",0.581369248142613,0.581369248142613,1
"US-TaS","SPEI_48","WUE_T","4",3.61734557665061,3.61734557665061,2
"US-TaS","SPEI_48","WUE_T","5",3.72800753598517,3.72800753598517,2
"US-TaS","SPEI_48","WUE_T","8",2.95317875449676,2.95317875449676,1
"US-TLR","SPEI_6","WUE_ET","4",3.89843251370398,3.89843251370398,1
"US-TLR","SPEI_6","WUE_ET","5",3.53399876261044,3.53399876261044,1
"US-TLR","SPEI_6","WUE_ET","6",2.84768971150535,2.84768971150535,1
"US-TLR","SPEI_6","WUE_ET","7",2.38996467029257,2.38996467029257,1
"US-TLR","SPEI_6","WUE_ET","8",2.29993330719296,2.29993330719296,1
"US-TLR","SPEI_6","WUE_T","4",6.74363366180821,6.74363366180821,1
"US-TLR","SPEI_6","WUE_T","5",4.57162561043705,4.57162561043705,1
"US-TLR","SPEI_6","WUE_T","6",3.52513007434704,3.52513007434704,1
"US-TLR","SPEI_6","WUE_T","7",3.38870480067635,3.38870480067635,1
"US-TLR","SPEI_6","WUE_T","8",22.7810568163257,22.7810568163257,1
"US-Tw1","SPEI_6","WUE_ET","5",1.69365322581946,1.69365322581946,1
"US-Tw1","SPEI_6","WUE_ET","6",1.66852484052959,1.66852484052959,2
"US-Tw1","SPEI_6","WUE_ET","7",1.74453352096239,1.74455051370197,4
"US-Tw1","SPEI_6","WUE_ET","8",1.85638421920987,1.78592596836865,6
"US-Tw1","SPEI_6","WUE_ET","9",1.73700981020567,1.73813080539646,6
"US-Tw1","SPEI_6","WUE_ET","10",1.65856780052927,1.64089028618531,7
"US-Tw1","SPEI_6","WUE_T","5",4.33318124174206,4.33318124174206,1
"US-Tw1","SPEI_6","WUE_T","6",3.45480105377019,3.45480105377019,2
"US-Tw1","SPEI_6","WUE_T","7",3.04450741700398,2.78877518540036,4
"US-Tw1","SPEI_6","WUE_T","8",2.87660587384875,2.81350320182608,6
"US-Tw1","SPEI_6","WUE_T","9",3.0618986425804,3.10349598129271,6
"US-Tw1","SPEI_6","WUE_T","10",3.54944047123597,3.49886785864509,7
"US-Tw1","SPEI_48","WUE_ET","6",1.5707406345154,1.56331442640169,4
"US-Tw1","SPEI_48","WUE_ET","7",1.76155665991035,1.69914749902564,6
"US-Tw1","SPEI_48","WUE_ET","8",1.90869490479829,1.94300189005367,7
"US-Tw1","SPEI_48","WUE_ET","9",1.81963802259403,1.8095653237111,8
"US-Tw1","SPEI_48","WUE_ET","10",1.77197976965022,1.82430389816186,8
"US-Tw1","SPEI_48","WUE_T","6",3.98484256883883,3.8574740043574,4
"US-Tw1","SPEI_48","WUE_T","7",3.04287955847808,2.83019438765039,6
"US-Tw1","SPEI_48","WUE_T","8",2.87000338635499,2.91782126066096,7
"US-Tw1","SPEI_48","WUE_T","9",3.20766575050801,3.22645328543677,8
"US-Tw1","SPEI_48","WUE_T","10",3.91471629736963,3.69059234531213,8
"US-Tw2","SPEI_6","WUE_ET","7",2.50579361854645,2.50579361854645,1
"US-Tw2","SPEI_6","WUE_ET","8",3.58129048323369,3.58129048323369,1
"US-Tw2","SPEI_6","WUE_ET","9",2.85084076184559,2.85084076184559,1
"US-Tw2","SPEI_6","WUE_T","7",4.38834794323656,4.38834794323656,1
"US-Tw2","SPEI_6","WUE_T","8",5.54061319559454,5.54061319559454,1
"US-Tw2","SPEI_6","WUE_T","9",6.68225601865057,6.68225601865057,1
"US-Tw2","SPEI_48","WUE_ET","5",8.49181158094632,8.49181158094632,1
"US-Tw2","SPEI_48","WUE_ET","7",2.50579361854645,2.50579361854645,1
"US-Tw2","SPEI_48","WUE_ET","8",3.58129048323369,3.58129048323369,1
"US-Tw2","SPEI_48","WUE_ET","9",2.85084076184559,2.85084076184559,1
"US-Tw2","SPEI_48","WUE_T","5",35.0486559538897,35.0486559538897,1
"US-Tw2","SPEI_48","WUE_T","7",4.38834794323656,4.38834794323656,1
"US-Tw2","SPEI_48","WUE_T","8",5.54061319559454,5.54061319559454,1
"US-Tw2","SPEI_48","WUE_T","9",6.68225601865057,6.68225601865057,1
"US-Tw3","SPEI_6","WUE_ET","3",2.44135842314107,2.44135842314107,2
"US-Tw3","SPEI_6","WUE_ET","4",2.11851902912782,2.11851902912782,2
"US-Tw3","SPEI_6","WUE_ET","5",3.0211640440207,3.0211640440207,2
"US-Tw3","SPEI_6","WUE_ET","6",1.60708958603048,1.60708958603048,2
"US-Tw3","SPEI_6","WUE_ET","7",2.34721840289644,2.40880265684597,3
"US-Tw3","SPEI_6","WUE_ET","8",2.46314363596854,2.50990789847062,3
"US-Tw3","SPEI_6","WUE_ET","9",2.27828343200265,1.95651215292335,3
"US-Tw3","SPEI_6","WUE_T","3",3.94294107593597,3.94294107593597,2
"US-Tw3","SPEI_6","WUE_T","4",3.35487651909271,3.35487651909271,2
"US-Tw3","SPEI_6","WUE_T","5",4.43957601412246,4.43957601412246,2
"US-Tw3","SPEI_6","WUE_T","6",3.24832625371182,3.24832625371182,2
"US-Tw3","SPEI_6","WUE_T","7",3.92645852300413,3.93066313487381,3
"US-Tw3","SPEI_6","WUE_T","8",4.8373074130035,4.68916726323162,3
"US-Tw3","SPEI_6","WUE_T","9",4.67974003854394,4.6696153883012,3
"US-Tw3","SPEI_48","WUE_ET","3",2.39317630370175,2.39317630370175,2
"US-Tw3","SPEI_48","WUE_ET","4",2.89069642613595,2.89069642613595,2
"US-Tw3","SPEI_48","WUE_ET","5",2.63105606442871,2.63105606442871,2
"US-Tw3","SPEI_48","WUE_ET","6",2.14266511711643,2.14266511711643,2
"US-Tw3","SPEI_48","WUE_ET","7",2.16028380019501,2.16028380019501,2
"US-Tw3","SPEI_48","WUE_ET","8",1.97266610543974,1.97266610543974,2
"US-Tw3","SPEI_48","WUE_ET","9",2.61314877661271,2.8619468534179,3
"US-Tw3","SPEI_48","WUE_T","3",3.94935304220484,3.94935304220484,2
"US-Tw3","SPEI_48","WUE_T","4",4.39298379410579,4.39298379410579,2
"US-Tw3","SPEI_48","WUE_T","5",4.00837264934192,4.00837264934192,2
"US-Tw3","SPEI_48","WUE_T","6",3.78629712088705,3.78629712088705,2
"US-Tw3","SPEI_48","WUE_T","7",3.59023902379489,3.59023902379489,2
"US-Tw3","SPEI_48","WUE_T","8",3.69289027413997,3.69289027413997,2
"US-Tw3","SPEI_48","WUE_T","9",4.50228037809282,4.6696153883012,3
"US-Tw4","SPEI_6","WUE_ET","5",1.58363962631002,1.57301108488528,4
"US-Tw4","SPEI_6","WUE_ET","6",1.50200929248563,1.50200929248563,2
"US-Tw4","SPEI_6","WUE_ET","7",1.57703930048694,1.61381749363854,4
"US-Tw4","SPEI_6","WUE_ET","8",1.70574802114056,1.77593929122311,6
"US-Tw4","SPEI_6","WUE_ET","9",1.72297608309036,1.88911511943149,6
"US-Tw4","SPEI_6","WUE_ET","10",1.91479365203723,1.85939698774931,4
"US-Tw4","SPEI_6","WUE_T","5",4.15194987291387,4.47927009561845,4
"US-Tw4","SPEI_6","WUE_T","6",2.81419429851225,2.81419429851225,2
"US-Tw4","SPEI_6","WUE_T","7",2.84187934247134,2.82442777463179,4
"US-Tw4","SPEI_6","WUE_T","8",3.53837372114638,3.07968355618787,6
"US-Tw4","SPEI_6","WUE_T","9",3.84612622592375,3.70118092553609,6
"US-Tw4","SPEI_6","WUE_T","10",4.27554141587786,4.23814764994457,4
"US-Tw4","SPEI_48","WUE_ET","5",1.54886333076215,1.5162190071678,3
"US-Tw4","SPEI_48","WUE_ET","6",1.73981855811713,1.80536708182419,4
"US-Tw4","SPEI_48","WUE_ET","7",1.785116431649,1.83585874328223,4
"US-Tw4","SPEI_48","WUE_ET","8",2.00280180342034,2.06982153923618,4
"US-Tw4","SPEI_48","WUE_ET","9",1.82855908495806,2.07276872321824,5
"US-Tw4","SPEI_48","WUE_ET","10",2.02541739015435,2.02228747374607,4
"US-Tw4","SPEI_48","WUE_T","5",4.09199125470028,4.60916947696408,3
"US-Tw4","SPEI_48","WUE_T","6",3.89275781751462,3.47225941486537,4
"US-Tw4","SPEI_48","WUE_T","7",3.10110811909968,3.15335975460971,4
"US-Tw4","SPEI_48","WUE_T","8",3.35711518004723,3.35140023313492,4
"US-Tw4","SPEI_48","WUE_T","9",3.93435632685852,3.91731028984958,5
"US-Tw4","SPEI_48","WUE_T","10",4.50417593622675,4.51312635801493,4
"US-Tw5","SPEI_6","WUE_ET","5",0.725158341138232,0.725158341138232,1
"US-Tw5","SPEI_6","WUE_ET","6",0.826805993773617,0.826805993773617,1
"US-Tw5","SPEI_6","WUE_ET","7",1.17925909189322,1.17925909189322,1
"US-Tw5","SPEI_6","WUE_ET","9",1.86539519426468,1.86539519426468,1
"US-Tw5","SPEI_6","WUE_T","5",2.45853113901218,2.45853113901218,1
"US-Tw5","SPEI_6","WUE_T","6",1.48611260780039,1.48611260780039,1
"US-Tw5","SPEI_6","WUE_T","7",1.97178417354854,1.97178417354854,1
"US-Tw5","SPEI_6","WUE_T","9",3.16548247707582,3.16548247707582,1
"US-Twt","SPEI_6","WUE_ET","6",0.836737309893803,0.885578590623296,4
"US-Twt","SPEI_6","WUE_ET","7",1.57624276790742,1.50669100698246,6
"US-Twt","SPEI_6","WUE_ET","8",2.11967739927431,2.11791175661878,5
"US-Twt","SPEI_6","WUE_ET","9",1.72042983673109,1.66431972420612,4
"US-Twt","SPEI_6","WUE_T","6",1.52104488149586,1.68626685705083,4
"US-Twt","SPEI_6","WUE_T","7",2.69937121563021,2.72987006961503,6
"US-Twt","SPEI_6","WUE_T","8",3.31208996973868,3.28706171084009,5
"US-Twt","SPEI_6","WUE_T","9",2.92810289862243,2.72062407933306,4
"US-Twt","SPEI_48","WUE_ET","6",1.24554771791836,1.13605813453063,6
"US-Twt","SPEI_48","WUE_ET","7",1.75845063870636,1.63884804459385,6
"US-Twt","SPEI_48","WUE_ET","8",2.26453124184832,2.31547911797194,6
"US-Twt","SPEI_48","WUE_ET","9",1.75193080004955,1.789832847759,7
"US-Twt","SPEI_48","WUE_T","6",2.32266391820432,2.06271305156186,6
"US-Twt","SPEI_48","WUE_T","7",2.892606929107,2.83099311159214,6
"US-Twt","SPEI_48","WUE_T","8",3.46236859655024,3.45239524000752,6
"US-Twt","SPEI_48","WUE_T","9",2.9320950739762,3.01312234384708,7
"US-Upa","SPEI_6","WUE_ET","7",1.04334288479729,1.04334288479729,1
"US-Upa","SPEI_6","WUE_ET","8",0.859734057656621,0.859734057656621,1
"US-Upa","SPEI_6","WUE_T","7",3.13857582389652,3.13857582389652,1
"US-Upa","SPEI_6","WUE_T","8",2.36684540507787,2.36684540507787,1
"US-Upa","SPEI_48","WUE_ET","6",0.377497543968814,0.377497543968814,1
"US-Upa","SPEI_48","WUE_ET","7",1.04334288479729,1.04334288479729,1
"US-Upa","SPEI_48","WUE_ET","8",0.859734057656621,0.859734057656621,1
"US-Upa","SPEI_48","WUE_T","6",0.848953435215791,0.848953435215791,1
"US-Upa","SPEI_48","WUE_T","7",3.13857582389652,3.13857582389652,1
"US-Upa","SPEI_48","WUE_T","8",2.36684540507787,2.36684540507787,1
"US-Wpp","SPEI_6","WUE_ET","4",3.87921267796709,3.87921267796709,1
"US-Wpp","SPEI_6","WUE_T","4",5.54941769615662,5.54941769615662,1
"US-Wpp","SPEI_48","WUE_ET","4",3.87921267796709,3.87921267796709,1
"US-Wpp","SPEI_48","WUE_ET","5",4.24260466155082,4.24260466155082,1
"US-Wpp","SPEI_48","WUE_ET","6",2.69590207185593,2.69590207185593,1
"US-Wpp","SPEI_48","WUE_ET","7",2.28215689347007,2.28215689347007,1
"US-Wpp","SPEI_48","WUE_ET","8",2.2740414395012,2.2740414395012,1
"US-Wpp","SPEI_48","WUE_T","4",5.54941769615662,5.54941769615662,1
"US-Wpp","SPEI_48","WUE_T","5",5.77020128926907,5.77020128926907,1
"US-Wpp","SPEI_48","WUE_T","6",4.23522830524504,4.23522830524504,1
"US-Wpp","SPEI_48","WUE_T","7",7.38576566483596,7.38576566483596,1
"US-Wpp","SPEI_48","WUE_T","8",7.4810382926728,7.4810382926728,1
"US-xBA","SPEI_6","WUE_ET","6",1.32392790713589,1.32392790713589,2
"US-xBA","SPEI_6","WUE_ET","7",2.72175154215594,2.79912371290495,5
"US-xBA","SPEI_6","WUE_ET","8",3.06749783060957,3.59669573227662,3
"US-xBA","SPEI_6","WUE_T","6",2.55120139120438,2.55120139120438,2
"US-xBA","SPEI_6","WUE_T","7",4.26548111742872,4.36078595775252,5
"US-xBA","SPEI_6","WUE_T","8",6.26636627557585,6.07546077145759,3
"US-xBA","SPEI_48","WUE_ET","5",3.14755559463656,3.14755559463656,1
"US-xBA","SPEI_48","WUE_ET","6",1.49245185918718,1.49245185918718,2
"US-xBA","SPEI_48","WUE_ET","7",0.633738940705848,0.633738940705848,1
"US-xBA","SPEI_48","WUE_ET","8",2.48652376178305,2.48652376178305,2
"US-xBA","SPEI_48","WUE_T","5",4.92930117177466,4.92930117177466,1
"US-xBA","SPEI_48","WUE_T","6",2.86357246580981,2.86357246580981,2
"US-xBA","SPEI_48","WUE_T","7",1.50838222621327,1.50838222621327,1
"US-xBA","SPEI_48","WUE_T","8",4.37974171659773,4.37974171659773,2
"US-xSB","SPEI_6","WUE_ET","3",2.00057930621042,2.0822683803136,3
"US-xSB","SPEI_6","WUE_ET","4",1.9309561552696,2.03919742898203,6
"US-xSB","SPEI_6","WUE_ET","5",2.35684337981597,2.43124252462468,4
"US-xSB","SPEI_6","WUE_ET","6",2.36053915633023,2.36053915633023,1
"US-xSB","SPEI_6","WUE_ET","7",2.67819740606447,2.67819740606447,2
"US-xSB","SPEI_6","WUE_ET","8",2.70618499164148,2.70618499164148,2
"US-xSB","SPEI_6","WUE_ET","9",2.34985780148394,2.2838987340867,6
"US-xSB","SPEI_6","WUE_ET","10",2.37102970860203,2.28013661528954,4
"US-xSB","SPEI_6","WUE_T","3",8.90768544662836,8.26334910679297,3
"US-xSB","SPEI_6","WUE_T","4",6.30576086554914,6.26769271606554,6
"US-xSB","SPEI_6","WUE_T","5",8.57308877633016,7.63131668558023,4
"US-xSB","SPEI_6","WUE_T","6",6.25450965875728,6.25450965875728,1
"US-xSB","SPEI_6","WUE_T","7",7.28292501123767,7.28292501123767,2
"US-xSB","SPEI_6","WUE_T","8",7.0185394024523,7.0185394024523,2
"US-xSB","SPEI_6","WUE_T","9",7.04625594133382,7.15515718434189,6
"US-xSB","SPEI_6","WUE_T","10",9.0079307964903,7.59293141599465,4
"US-xSB","SPEI_48","WUE_ET","3",1.82115965884724,1.82115965884724,1
"US-xSB","SPEI_48","WUE_ET","4",2.15979297967935,2.0930429756669,3
"US-xSB","SPEI_48","WUE_ET","5",2.3202383595145,2.3202383595145,1
"US-xSB","SPEI_48","WUE_ET","6",2.60241874148217,2.60241874148217,2
"US-xSB","SPEI_48","WUE_ET","7",2.51409653671364,2.51409653671364,2
"US-xSB","SPEI_48","WUE_ET","8",2.36434885890722,2.36434885890722,2
"US-xSB","SPEI_48","WUE_ET","9",2.17579702639012,2.17579702639012,2
"US-xSB","SPEI_48","WUE_ET","10",2.1841764059687,2.1841764059687,2
"US-xSB","SPEI_48","WUE_T","3",7.42172103865834,7.42172103865834,1
"US-xSB","SPEI_48","WUE_T","4",7.44544445095892,6.32190395595693,3
"US-xSB","SPEI_48","WUE_T","5",7.63082984434877,7.63082984434877,1
"US-xSB","SPEI_48","WUE_T","6",8.40483914957487,8.40483914957487,2
"US-xSB","SPEI_48","WUE_T","7",6.53257890845466,6.53257890845466,2
"US-xSB","SPEI_48","WUE_T","8",6.06746356387791,6.06746356387791,2
"US-xSB","SPEI_48","WUE_T","9",5.83931518697057,5.83931518697057,2
"US-xSB","SPEI_48","WUE_T","10",6.78965948530679,6.78965948530679,2
"US-xSE","SPEI_6","WUE_ET","4",2.76092061125824,2.76092061125824,2
"US-xSE","SPEI_6","WUE_ET","5",2.43139362160993,3.08959023615672,3
"US-xSE","SPEI_6","WUE_ET","6",2.02553786666874,2.06923350769569,6
"US-xSE","SPEI_6","WUE_ET","7",3.03648366649827,3.67017933608469,6
"US-xSE","SPEI_6","WUE_ET","8",2.78310266731413,3.07080238425509,6
"US-xSE","SPEI_6","WUE_ET","9",2.60147512655965,2.63863652708562,6
"US-xSE","SPEI_6","WUE_ET","10",2.90982257355164,2.40398689181768,4
"US-xSE","SPEI_6","WUE_T","4",5.95998968537353,5.95998968537353,2
"US-xSE","SPEI_6","WUE_T","5",3.96632303864179,5.18274190798657,3
"US-xSE","SPEI_6","WUE_T","6",2.99533468061471,3.14655998419255,6
"US-xSE","SPEI_6","WUE_T","7",4.5226589453058,5.47366354755783,6
"US-xSE","SPEI_6","WUE_T","8",4.21378908899804,4.44507198511201,6
"US-xSE","SPEI_6","WUE_T","9",4.23523907490284,4.35920359844319,6
"US-xSE","SPEI_6","WUE_T","10",4.75622463938164,4.23325569561942,4
"US-xSE","SPEI_48","WUE_ET","4",3.3238496326211,3.3238496326211,1
"US-xSE","SPEI_48","WUE_ET","5",3.26148759748035,3.08959023615672,3
"US-xSE","SPEI_48","WUE_ET","6",1.65557140174006,1.68693312012742,5
"US-xSE","SPEI_48","WUE_ET","7",2.3480804961408,2.67901428853357,6
"US-xSE","SPEI_48","WUE_ET","8",2.39619312295761,2.33546594003111,4
"US-xSE","SPEI_48","WUE_ET","9",2.35786465398811,2.36831181169848,4
"US-xSE","SPEI_48","WUE_ET","10",2.52912872854504,2.39610374330981,3
"US-xSE","SPEI_48","WUE_T","4",7.95330278726852,7.95330278726852,1
"US-xSE","SPEI_48","WUE_T","5",5.43020443887562,5.18274190798657,3
"US-xSE","SPEI_48","WUE_T","6",2.48974217199693,2.52353725717708,5
"US-xSE","SPEI_48","WUE_T","7",3.47336341425319,3.86114786340255,6
"US-xSE","SPEI_48","WUE_T","8",3.6402871145846,3.49735239282116,4
"US-xSE","SPEI_48","WUE_T","9",3.95308000564316,3.76709355407634,4
"US-xSE","SPEI_48","WUE_T","10",4.38391357964102,4.25366346029762,3
